"ID","优先级","层级","模块","标题","前置数据","GIVEN","WHEN","THEN","对应需求","建议自动化"
"AT-ACC-001","P0_BLOCKER","E2E","ACCOUNT","Discord 身份识别已开通内部账户","FX-USER-CUSTOMER-A; FX-DISCORD-ACCOUNT-A","GIVEN 已由受信流程开通的用户与唯一 Discord 身份","WHEN 用户从公共入口打开个人服务中心","THEN API 仅根据可信 Actor Context 解析内部用户；Bot 仅以 ephemeral 返回内部 CAT 账户摘要","SPEC-6.1; SPEC-10.2; SPEC-17.1; M9-SPEC-§3","E2E_DISCORD"
"AT-ACC-002","P0_HIGH","API","ACCOUNT","未开通 Discord 身份被拒绝","FX-USER-UNBOUND","GIVEN Discord 身份尚未关联内部用户","WHEN 调用个人账户或余额只读 API","THEN 返回不可枚举的未找到错误；不创建用户、钱包或半成品映射","SPEC-6.1; SPEC-12; SPEC-17.1","API_AUTO"
"AT-ACC-003","P0_BLOCKER","API","ACCOUNT","Discord 身份在 Guild 内唯一","FX-USER-CUSTOMER-A; FX-DISCORD-ACCOUNT-A","GIVEN Guild 内 Discord 身份已关联 FX-USER-CUSTOMER-A","WHEN 受信流程尝试将同一 Discord 身份关联到另一用户","THEN 数据库唯一约束拒绝冲突且原映射不变；非只读尝试记入 audit log","SPEC-9; SPEC-10.2","API_DB_INTEGRATION"
"AT-ACC-004","P0_HIGH","E2E","ACCOUNT","M3 前个人服务中心保持私密稳定空状态","FX-GUILD; FX-USER-CUSTOMER-A; FX-BOT","GIVEN 已绑定用户尚无已实现的消费或返佣模块数据","WHEN 用户打开个人服务中心并查询余额、当前订单、消费和本人返佣摘要","THEN Bot 仅以 ephemeral 展示实时余额与当前订单；消费和本人返佣返回结构稳定的空列表而非错误、伪造数据或公共消息","SPEC-3.1; SPEC-6.1; SPEC-10.2; SPEC-17.1","E2E_DISCORD_API"
"AT-CAT-001","P0_BLOCKER","API","CATALOG","仅上架且双价格完整的服务可下单","FX-SERVICE-ACTIVE-V1; FX-SERVICE-DISABLED; FX-SERVICE-MISSING-PAYOUT","GIVEN 目录同时存在完整上架、已下架及缺少陪玩结算价的版本","WHEN 用户查询 GET /services 并尝试更新订单草稿","THEN 只返回完整上架版本；其他版本返回 422 SERVICE_NOT_AVAILABLE；用户响应不泄露陪玩结算价","SPEC-6.2; SPEC-9; SPEC-10.2; SPEC-17.2","API_AUTO"
"AT-CAT-002","P0_BLOCKER","API","CATALOG","订单保存服务版本和双价格快照","FX-SERVICE-ACTIVE-V1; FX-SERVICE-ACTIVE-V2; FX-ORDER-DRAFT-A","GIVEN 草稿按 V1 估价后运营发布价格不同的 V2","WHEN 用户提交原草稿并完成订单","THEN 订单、扣款和陪玩收益继续使用 V1 的 catalog_version、customer_unit_price_minor、player_unit_payout_minor；V2 只影响新草稿","SPEC-3.10; SPEC-6.2; SPEC-9; SPEC-17.2","API_DB_INTEGRATION"
"AT-CAT-003","P0_HIGH","API","ORDER","拒绝预约字段","FX-USER-CUSTOMER-A; FX-SERVICE-ACTIVE-V1","GIVEN Prototype 仅支持即时单","WHEN 客户在 PATCH /orders/:id 中提交 future_start_at 或 scheduled_at","THEN API 返回字段校验错误；订单保持 DRAFT；不扣款、不派单","SPEC-2.3; SPEC-6.2; SPEC-17.2","API_AUTO"
"AT-CHN-001","P0_BLOCKER","E2E","DISCORD_CHANNEL","创建私密订单频道并应用最小权限","FX-GUILD; FX-USER-CUSTOMER-A; FX-STAFF-L1; FX-BOT","GIVEN 已绑定用户从公共入口创建订单","WHEN Bot 根据 API 返回的 channel_spec 建立频道","THEN @everyone 无权查看；客户、Bot 和允许范围员工可访问；陪玩在接单前不可见；面板被置顶且余额不公开","SPEC-5.5; SPEC-6.2; SPEC-7; SPEC-17.1","E2E_DISCORD"
"AT-CHN-002","P0_HIGH","E2E","DISCORD_CHANNEL","客户终选后只授权正式陪玩","FX-ORDER-PENDING-DISPATCH; FX-PLAYER-ACTIVE-AVAILABLE","GIVEN 客户已手动终止招募且候选池存在多名有效报名者","WHEN 客户原子终选并由 API 返回 ACCEPTED，Bot 处理正式参与人事件","THEN 5 秒内仅入选陪玩获得订单频道权限；订单面板显示逐名正式陪玩；招募卡进入终态；其他候选仍不可访问私密频道","SPEC-6.3; SPEC-11.1; SPEC-17.2","E2E_DISCORD"
"AT-CHN-003","P0_HIGH","E2E","RECOVERY","创建频道失败不会产生可提交订单","FX-USER-CUSTOMER-A; FX-DISCORD-FAIL-CREATE-CHANNEL","GIVEN Discord 创建频道返回权限错误或超时","WHEN 用户点击创建订单","THEN 用户收到 ephemeral 重试提示；订单不进入可提交状态；失败原因和 request_id 可在 Dashboard 查看；重试不产生多个活跃订单","SPEC-12; SPEC-17.1","E2E_DISCORD_FAULT"
"AT-ORD-001","P0_BLOCKER","E2E","ORDER","即时订单四阶段内提交成功","FX-USER-CUSTOMER-A; FX-BALANCE-SUFFICIENT; FX-SERVICE-ACTIVE-V1","GIVEN 已绑定客户无活跃订单且可用余额充足","WHEN 客户依次创建频道、选择服务与单位、查看完整确认并提交","THEN 主要操作不超过四阶段；一次原子资金预留成功；订单从 DRAFT 进入 PENDING_DISPATCH；生成一轮派单且不提前捕获资金","PL-01; PL-02; SPEC-3.2; SPEC-6.2; SPEC-17.2","E2E_DISCORD"
"AT-ORD-002","P0_BLOCKER","API","ORDER","余额不足保持草稿且不派单","FX-ORDER-DRAFT-A; FX-BALANCE-INSUFFICIENT","GIVEN 订单金额为 10000 CAT subunits 而可用余额为 9999","WHEN 用户提交订单","THEN 返回余额不足及差额；订单保持 DRAFT；没有 FundReservation、external charge、dispatch_attempt 或派单消息；提供充值入口","PL-02; SPEC-6.2; SPEC-12; SPEC-17.2","API_AUTO"
"AT-ORD-003","P0_BLOCKER","API","ORDER","重复提交只创建一次资金预留","FX-ORDER-DRAFT-A; FX-BALANCE-SUFFICIENT; FX-IDEMPOTENCY-ORDER-SUBMIT","GIVEN 同一订单和同一 Idempotency-Key 被并发或重放两次","WHEN 调用 POST /orders/:id/submit","THEN 两次响应指向同一 reservation_id 和业务结果；只有一条有效 FundReservation、一次状态迁移和一轮派单","PL-02; SPEC-10; SPEC-11.3; SPEC-17.2","API_CONCURRENCY"
"AT-ORD-004","P0_HIGH","E2E","ORDER","已有活跃订单时进入现有频道","FX-USER-CUSTOMER-A; FX-ORDER-ACCEPTED-A","GIVEN 用户已有 ACCEPTED 活跃订单","WHEN 再次点击创建订单","THEN 不创建第二个订单或频道；Bot 提供进入现有订单按钮；数据库活跃订单唯一约束保持有效","SPEC-6.2; SPEC-9; SPEC-18","E2E_DISCORD"
"AT-DSP-001","P0_BLOCKER","Unit","SELECTION","报名资格只依赖有效审批、Guild 与需求标签","FX-ORDER-PENDING-DISPATCH; FX-PLAYER-POOL","GIVEN 陪玩池包含审核未通过、标签不符、Discord 离线、旧 BUSY、有活跃订单和完全符合条件的账号","WHEN 运行候选池报名资格筛选","THEN ACTIVE、同 Guild 且标签匹配者可报名；Discord presence、旧 availability 和活动订单不影响报名资格；审核未通过或标签不符者被拒绝且不泄露内部原因","SPEC-M11; SPEC-17.2; SPEC-18","UNIT_AUTO"
"AT-DSP-002","P0_HIGH","E2E","SELECTION","客户手动终止后保留原预留且不自动续轮","FX-ORDER-PENDING-DISPATCH; FX-SELECTION-POOL-NO-APPLICATION","GIVEN 招募中的候选池无人报名","WHEN 订单客户手动终止招募","THEN 候选池只迁移一次到 SELECTION；订单仍为 PENDING_DISPATCH 且原 FundReservation 保持有效；客户可选择重新招募、取消释放或联系客服；系统不按时间关闭且不自动创建下一轮","SPEC-M11; SPEC-6.5; SPEC-18","E2E_MANUAL_CONTROLLED"
"AT-DSP-003","P0_BLOCKER","API","SELECTION","并发报名可同时进入候选池","FX-ORDER-PENDING-DISPATCH; FX-PLAYER-ELIGIBLE; FX-PLAYER-ELIGIBLE-B","GIVEN 候选池仍在 COLLECTING 且两名合格陪玩同时报名","WHEN 并发调用报名接口","THEN 两名陪玩各自仅生成一条有效 SelectionApplication；不产生获胜者、OrderParticipant、活动订单占用或额外资金事实；重复报名幂等","SPEC-M11; SPEC-11.3; SPEC-17.2","API_DB_CONCURRENCY"
"AT-DSP-004","P0_HIGH","API","SELECTION","有活跃订单陪玩可报名但终选时原子校验","FX-PLAYER-ACTIVE-BUSY-ORDER; FX-ORDER-PENDING-DISPATCH","GIVEN ACTIVE 且标签匹配的陪玩已有 ACCEPTED 或 IN_SERVICE 订单","WHEN 该陪玩报名并随后被客户选中","THEN 报名成功且不占新槽位；若终选时活动订单仍冲突则整次终选返回冲突并零写入；不泄露审核细节","SPEC-M11; SPEC-9; SPEC-18","API_AUTO"
"AT-SVC-001","P0_BLOCKER","API","SERVICE","只有当前订单有效陪玩可提交本人就绪","FX-ORDER-ACCEPTED-A; FX-PLAYER-ASSIGNED; FX-PLAYER-OTHER","GIVEN 订单已完成客户终选且有效陪玩尚未全部就绪","WHEN 客户、非订单陪玩和当前有效陪玩分别提交 readiness","THEN 客户与非订单陪玩返回 403 且有拒绝审计；仅当前有效陪玩可写本人事实；全体有效陪玩就绪后订单只进入一次 IN_SERVICE 并记录 service_started_at","M10-US-04;M19-US-03;READY-02","API_AUTO"
"AT-SVC-002","P0_BLOCKER","E2E","SERVICE","完成确认原子生成消费收益和返佣","FX-ORDER-PENDING-CONFIRMATION; FX-REFERRAL-2PCT","GIVEN 陪玩已申请完成且客户存在有效 2% 一级推荐关系","WHEN 陪玩与客户分别点击确认完成","THEN 陪玩获得“仅供本单客人操作”的私密提示且不变更订单或资金；客户操作后订单变为 COMPLETED，生成一条订单消费、一条 PENDING 陪玩收益和一条 PENDING 返佣；均使用订单快照；频道进入只读","SPEC-6.4; SPEC-6.7; SPEC-17.3","E2E_DISCORD_DB"
"AT-SVC-003","P0_HIGH","API","SERVICE","完成确认重复事件不重复结算","FX-ORDER-PENDING-CONFIRMATION; FX-IDEMPOTENCY-CONFIRM","GIVEN 同一确认交互被重放两次","WHEN 两次调用 POST /orders/:id/confirm","THEN 返回同一最终结果；只存在一条原始消费、一条原始收益和每个有效推荐关系一条返佣","SPEC-11.3; SPEC-17.3","API_DB_INTEGRATION"
"AT-SVC-004","P0_HIGH","E2E","SERVICE","三十分钟未确认只创建客服任务","FX-ORDER-PENDING-CONFIRMATION; FX-CLOCK-PLUS-30M","GIVEN 陪玩申请完成后客户三十分钟未确认","WHEN 完成超时 Job 执行","THEN 创建且仅创建一条 COMPLETION_REVIEW；订单不自动完成；不生成消费、收益或返佣","SPEC-6.4; SPEC-12; SPEC-17.2","E2E_TIME_CONTROLLED"
"AT-CAN-001","P0_HIGH","API","CANCELLATION","草稿取消无资金动作","FX-ORDER-DRAFT-A","GIVEN DRAFT 订单从未扣款","WHEN 客户调用取消接口","THEN 订单进入 CANCELLED；退款为 0；收益为 0；不追加钱包 CREDIT/DEBIT 流水","SPEC-6.5; SPEC-8.1","API_AUTO"
"AT-CAN-002","P0_BLOCKER","API","CANCELLATION","待派单取消释放预留后结束","FX-ORDER-PENDING-DISPATCH; FX-RESERVATION-ORDER-PENDING","GIVEN 订单仅有有效资金预留且仍未接单","WHEN 客户确认取消且 API 原子复核取消预览版本","THEN 使用稳定幂等键将预留只释放一次；不创建 ORDER_REFUND；随后订单进入 CANCELLED 且派单失效","PL-02; PL-06; SPEC-6.5; SPEC-17.2","API_DB_TRANSACTION"
"AT-CAN-003","P0_BLOCKER","API","CANCELLATION","内部预留释放事务失败时不得提前取消","FX-ORDER-PENDING-DISPATCH; FX-WALLET-RELEASE-TRANSACTION-FAILURE","GIVEN 待派单订单取消时内部数据库事务在提交前失败","WHEN 客户按原 Idempotency-Key 重试取消","THEN 首次失败不显示 CANCELLED且原预留仍有效；重试原子追加一次释放事件并进入 CANCELLED；不创建退款或重复释放","SPEC-6.5; SPEC-12; SPEC-17.2; M7-SPEC-§8","API_DB_FAULT_INJECTION"
"AT-CAN-004","P0_BLOCKER","E2E","CANCELLATION","已接单取消默认转客服","FX-ORDER-ACCEPTED-A","GIVEN 订单已被陪玩接取","WHEN 客户点击取消","THEN 不自动退款或改变终态；创建 CANCELLATION_ASSIST 客服任务并显示客服处理中；L1 只能核对和提交建议","SPEC-3.4; SPEC-6.5; SPEC-6.8","E2E_DISCORD"
"AT-CAN-005","P0_HIGH","API","NO_SHOW","有效陪玩十分钟未就绪只创建爽约核对","FX-ORDER-ACCEPTED-A; FX-CLOCK-PLUS-10M","GIVEN 客户终选后十分钟仍有有效陪玩未就绪","WHEN 就绪宽限 Job 执行","THEN 创建唯一 PLAYER_READINESS_LATE/PLAYER_NO_SHOW 任务并逐名记录未确认陪玩；不自动开始、退款、扣罚、取消或生成收益","M10-US-04;M19-US-03;READY-02","API_TIME_CONTROLLED"
"AT-CAN-006","P0_HIGH","API","NO_SHOW","用户十五分钟未出现只创建核对任务","FX-ORDER-ACCEPTED-A; FX-CLOCK-PLUS-15M","GIVEN 客户终选后十五分钟未出现且陪玩提交核对请求","WHEN 系统记录 CUSTOMER_NO_SHOW","THEN 创建客服任务和风险事件；由 L2+ 决定全额、部分或不退款及陪玩补偿；系统不自动裁决","SPEC-6.5; SPEC-12; SPEC-18","API_AUTO"
"AT-CAN-007","P0_BLOCKER","API","INTERRUPTION","服务中断结案保持原子一致","FX-ORDER-IN-SERVICE; FX-STAFF-L2; FX-RESOLUTION-PARTIAL","GIVEN 服务中断任务含合法原因、部分退款、陪玩收益和证据说明","WHEN 有权限员工调用 POST /admin/orders/:id/resolve","THEN 结案、独立退款交易、原扣款聚合状态、PlayerEarningAdjustment、CommissionAdjustment、订单事件和审计要么全部成功要么全部回滚；原收益与返佣主记录不被覆盖","SPEC-6.5; SPEC-10.4; SPEC-17.2","API_DB_TRANSACTION"
"AT-CAN-008","P0_BLOCKER","API","CANCELLATION","待确认阶段取消或争议不得自动结案","FX-ORDER-PENDING-CONFIRMATION; FX-STAFF-L2","GIVEN 订单正在等待客户确认完成且客户提出取消或质量争议","WHEN 客户请求取消或客服创建完成争议任务","THEN 不直接迁移到 CANCELLED 或 COMPLETED；订单进入 EXCEPTION 或保持待确认并创建可认领任务；退款、收益和返佣均等待有权限员工原子结案","SPEC-6.4; SPEC-6.5; SPEC-8.1","API_AUTO"
"AT-CAN-009","P0_BLOCKER","API","CANCELLATION","已完成订单不能倒退为取消","FX-ORDER-COMPLETED-10000; FX-STAFF-L3","GIVEN 订单已经 COMPLETED 并生成消费、收益和返佣","WHEN 用户或员工调用普通取消接口或试图把状态改为 CANCELLED","THEN 状态机拒绝迁移；售后退款只能追加退款交易、消费更正、PlayerEarningAdjustment 和 CommissionAdjustment；原完成事实及主收益/返佣记录保持不变","SPEC-6.5; SPEC-8.1; SPEC-17.3","API_AUTO"
"AT-SUP-001","P0_HIGH","API","SUPPORT_TASK","客服任务并发认领只有一人成功","FX-STAFF-TASK-OPEN; FX-STAFF-L1; FX-STAFF-L1-B","GIVEN 两名 L1 同时认领同一 OPEN 任务","WHEN 并发调用 /admin/staff-tasks/:id/claim","THEN 仅第一名成功，任务为 CLAIMED 且 claimed_by 唯一；后点击者收到已被认领","SPEC-6.8; SPEC-11.3; SPEC-12","API_DB_CONCURRENCY"
"AT-SUP-002","P0_HIGH","UAT","SUPPORT_TASK","客服可以接管自动流程但受权限限制","FX-ORDER-ACCEPTED-A; FX-STAFF-L1; FX-STAFF-L2","GIVEN 用户主动求助并生成任务","WHEN L1 认领、打开订单/语音链接、记录备注并提交取消建议，随后 L2 处理","THEN L1 可完成核对但不能执行退款或已接单取消；L2 在权限与金额范围内执行；Bot 与 Dashboard 显示一致状态","SPEC-3.7; SPEC-5.6; SPEC-6.8","UAT_MANUAL"
"AT-SUP-003","P0_BLOCKER","API","SUPPORT_TASK","非法结案金额不产生部分写入","FX-ORDER-ACCEPTED-A; FX-STAFF-L2; FX-RESOLUTION-OUT-OF-RANGE","GIVEN 退款或陪玩收益超过订单快照允许范围","WHEN 员工提交人工结案","THEN 返回 422；不写 order_resolution、不追加钱包流水、不改订单、不创建收益；记录被拒绝请求和原因","SPEC-12; SPEC-17.2","API_DB_TRANSACTION"
"AT-SUP-004","P0_HIGH","UAT","SUPPORT_TASK","草稿下单默认自动但可主动请求客服","FX-ORDER-DRAFT-A; FX-STAFF-L1","GIVEN 客户正在私密频道填写即时订单且自动流程正常","WHEN 客户点击联系客服","THEN 创建 ORDER_ASSIST 任务但订单仍为 DRAFT；L1 可加入频道、核对需求和写备注；除用户确认提交外不得代扣款；关闭协助后可继续自动流程","SPEC-3.7; SPEC-6.2; SPEC-6.8","UAT_MANUAL"
"AT-GFT-001","P0_BLOCKER","E2E","GIFT","所有礼物先预留再人工核对且接收人受订单约束","FX-ORDER-IN-SERVICE; FX-GIFT-1999; FX-USER-CUSTOMER-A","GIVEN 客户选择订单内一个或多个有效陪玩明细并尝试传入任意 receiverId","WHEN 提交 POST /orders/:id/gift-requests","THEN API 只接受 participantIds 并经订单明细推导真实接收人；每位接收人创建 PENDING FundReservation、PENDING_REVIEW 与 GIFT_REVIEW 任务；任一明细失效整批零写入；提交时不捕获资金、不播报","BASELINE-FUNDS; BASELINE-GIFT; SPEC-6.6; SPEC-17.3; M10-US-05","E2E_DISCORD_API"
"AT-GFT-002","P0_BLOCKER","API","GIFT_RBAC","L1 核对后仍不能批准或拒绝","FX-GIFT-REQUEST-VERIFIED; FX-STAFF-L1","GIVEN L1 已认领并标记礼物资料核对完成","WHEN L1 调用礼物批准或拒绝接口","THEN 返回 403 PERMISSION_DENIED；没有扣款、状态终结或播报；拒绝尝试写审计","SPEC-5.2; SPEC-5.3; SPEC-6.6","API_RBAC"
"AT-GFT-003","P0_BLOCKER","API","GIFT_RBAC","L2 可批准 199900 CAT subunits 礼物","FX-GIFT-REQUEST-1999; FX-STAFF-L2; FX-BALANCE-SUFFICIENT","GIVEN 已人工核对且已预留的礼物金额为 199900 CAT subunits","WHEN L2 完成确认并批准","THEN API 捕获原 reservation_id 一次；礼物进入 CAPTURED；创建消费和播报 Outbox；无需 L3 审批","BASELINE-FUNDS; SPEC-5.3; SPEC-6.6; SPEC-14.2","API_BOUNDARY"
"AT-GFT-004","P0_BLOCKER","API","GIFT_RBAC","L2 可批准 200000 CAT subunits 礼物","FX-GIFT-REQUEST-2000; FX-STAFF-L2; FX-BALANCE-SUFFICIENT","GIVEN 已人工核对且已预留的礼物金额等于 200000 CAT subunits","WHEN L2 批准","THEN 操作在 L2 闭环并只捕获原预留一次；不创建升级审批","BASELINE-FUNDS; SPEC-5.3; SPEC-5.4; SPEC-18","API_BOUNDARY"
"AT-GFT-005","P0_BLOCKER","API","GIFT_RBAC","200100 CAT subunits 礼物升级 L3","FX-GIFT-REQUEST-2001; FX-STAFF-L2","GIVEN 已人工核对的礼物金额为 200100 CAT subunits","WHEN L2 尝试批准","THEN 返回 202 APPROVAL_PENDING 和审批编号；不扣款、不播报；L3 在 step-up 有效后可批准","SPEC-5.3; SPEC-5.4; SPEC-10.6","API_BOUNDARY"
"AT-GFT-006","P0_BLOCKER","API","GIFT_RBAC","500000 CAT subunits 礼物仅 L4 可直接执行","FX-GIFT-REQUEST-5000; FX-STAFF-L4-A-STEPUP; FX-BALANCE-SUFFICIENT","GIVEN 礼物金额为 500000 CAT subunits 且已人工核对，业务版本与预留有效","WHEN L4 填写原因并在近期 step-up/MFA 有效期内直接批准","THEN API 原子重校验礼物、预留和业务版本后只扣款一次；允许同一 L4 发起并执行且不要求不同人员复核；状态与不可篡改审计完整保留","SPEC-5.4; SPEC-10.5; SPEC-17.4","API_APPROVAL_FLOW"
"AT-GFT-007","P0_BLOCKER","API","APPROVAL","同一 L4 可发起并执行高额礼物","FX-GIFT-REQUEST-5000; FX-STAFF-L4-A-STEPUP; FX-BALANCE-SUFFICIENT","GIVEN L4 已发起金额为 500000 CAT subunits 的礼物批准请求","WHEN 同一 staff_id 填写原因并在近期 step-up/MFA 有效期内执行批准","THEN 允许同一人发起并执行；不要求不同人员复核；重校验业务版本与预留后只扣款一次；原因、近期 step-up/MFA 事实和不可篡改审计完整保留","SPEC-5.4; SPEC-9; SPEC-17.4","API_RBAC"
"AT-GFT-008","P0_HIGH","API","GIFT","审批期间余额下降会阻止扣款","FX-GIFT-REQUEST-2000; FX-STAFF-L2; FX-BALANCE-BECOMES-INSUFFICIENT","GIVEN 礼物提交时余额充足但审批时内部钱包可用余额已下降","WHEN L2 批准","THEN API 锁定钱包并重算 availableMinor 后拒绝捕获；礼物不进入 CAPTURED；无消费和播报；任务保留可处理状态","SPEC-6.6; SPEC-12; SPEC-17.3; M7-SPEC-§8","API_WALLET_INTEGRATION"
"AT-GFT-009","P0_BLOCKER","API","IDEMPOTENCY","礼物重复批准最多扣款一次","FX-GIFT-REQUEST-2000; FX-STAFF-L2; FX-IDEMPOTENCY-GIFT-APPROVE","GIVEN 同一已核对礼物被按钮重放或并发批准","WHEN 多次调用礼物批准接口","THEN 固定 gift_request_id 派生相同 Idempotency-Key；仅一条成功交易和消费；后续响应返回首次结果","SPEC-11.3; SPEC-17.3","API_DB_CONCURRENCY"
"AT-GFT-010","P0_BLOCKER","E2E","GIFT","播报失败只重试播报不重复扣款","FX-GIFT-CAPTURED-UNANNOUNCED; FX-OUTBOX-BROADCAST-FAILED","GIVEN 礼物已 CAPTURED 且 Discord 播报首次失败","WHEN Outbox 自动重试或有权限员工手工重试 Job","THEN 不再次捕获原 FundReservation 或追加 GIFT_CAPTURE_DEBIT；最终仅一条有效播报；礼物变为 ANNOUNCED；失败次数和最后错误可见","SPEC-6.6; SPEC-11.3; SPEC-12; SPEC-17.3","E2E_DISCORD_FAULT"
"AT-HIS-001","P0_HIGH","API","CONSUMPTION","消费历史合并订单和礼物并分页","FX-CONSUMPTION-PAGESET","GIVEN 当前用户有订单、礼物及冲正流水超过一页","WHEN GET /me/consumptions 使用 cursor 分页","THEN 返回按 occurred_at 稳定排序的订单/礼物记录及状态；无重复或遗漏；金额为 minor units + currency","SPEC-10.2; SPEC-17.3","API_AUTO"
"AT-HIS-002","P0_BLOCKER","E2E","CONSUMPTION","余额消费返佣仅私密展示且不可跨用户查询","FX-USER-CUSTOMER-A; FX-USER-CUSTOMER-B; FX-CONSUMPTION-PAGESET","GIVEN 用户 A 与 B 均有个人数据","WHEN A 从服务中心查询并尝试访问 B 的资源 ID","THEN A 的数据仅 ephemeral；API 只返回 A 的记录并拒绝 B 的对象；公共频道无余额、消费或返佣内容","SPEC-5; SPEC-10.1; SPEC-17.1","E2E_SECURITY"
"AT-REF-001","P0_BLOCKER","API","REFERRAL","有效一级返佣按 2% 生成并保存比例快照","FX-REFERRAL-2PCT; FX-ORDER-COMPLETED-10000","GIVEN 推荐关系在首笔消费前绑定且订单净消费为 10000 minor units","WHEN OrderCompleted 事件处理","THEN 生成一条 PENDING commission，base_amount_minor=10000、rate_bps=200、amount_minor=200；关系和比例快照不随后续规则变化","SPEC-6.7; SPEC-9; SPEC-17.3","API_DB_INTEGRATION"
"AT-REF-002","P0_HIGH","Unit","REFERRAL","5% 返佣金额使用整数计算","FX-REFERRAL-5PCT; FX-CONSUMPTION-ODD-AMOUNT","GIVEN 有效关系 rate_bps=500 且净消费为 12345 minor units","WHEN 计算一级返佣","THEN 按统一整数舍入策略得到 617 minor units并保存 base/rate/amount；不得使用浮点数","SPEC-6.7; SPEC-9; SPEC-18","UNIT_AUTO"
"AT-REF-003","P0_BLOCKER","API","REFERRAL","重复消费事件不重复返佣","FX-REFERRAL-2PCT; FX-CONSUMPTION-SOURCE-A","GIVEN 同一 source_type/source_id 的完成事件被重放","WHEN 两次处理返佣创建","THEN 来源唯一约束只保留一条 commission；第二次为幂等成功或冲突后返回现有记录","SPEC-9; SPEC-11.3; SPEC-17.3","API_DB_INTEGRATION"
"AT-REF-004","P0_HIGH","API","REFERRAL","无资格推荐关系被拒绝","FX-REFERRAL-INVALID-SELF; FX-REFERRAL-INVALID-DUPLICATE; FX-REFERRAL-INVALID-LATE","GIVEN 分别为自荐、相同内部用户或 Discord 身份互荐、已有推荐人和首笔消费后绑定","WHEN L3 调用 POST /admin/referrals","THEN 返回 422 REFERRAL_INELIGIBLE；不创建或替换关系；保留原关系；必要时记录风险事件","SPEC-6.7; SPEC-10.4; SPEC-17.3","API_DATA_DRIVEN"
"AT-REF-005","P0_BLOCKER","API","REFERRAL","退款通过 Adjustment 冲正返佣且不覆盖主记录","FX-COMMISSION-PENDING-A; FX-REFUND-PARTIAL","GIVEN 原消费已生成 PENDING 或 CONFIRMED commission","WHEN 对来源执行部分或全额退款","THEN 追加一条 CommissionAdjustment 并关联原 commission 与 sourceRefundId；原 commission 的 base/rate/amount 不被修改或删除；按主记录加 Adjustment 汇总后的净返佣与净消费一致","SPEC-6.7; SPEC-9; SPEC-17.3","API_DB_INTEGRATION"
"AT-EAR-001","P0_BLOCKER","API","EARNINGS","完成订单按结算快照生成待确认收益","FX-ORDER-PENDING-CONFIRMATION; FX-SERVICE-ACTIVE-V2","GIVEN 订单保存 V1 player_unit_payout_minor 快照且目录已更新到 V2","WHEN 订单完成","THEN 每个订单仅生成一条原始 PENDING player_earning；金额按 V1 单价和单位数计算；不自动支付","SPEC-3.10; SPEC-6.4; SPEC-9; SPEC-17.3","API_DB_INTEGRATION"
"AT-EAR-002","P0_HIGH","API","EARNINGS_RBAC","只有 L3+ 可确认和标记收益已支付","FX-EARNING-PENDING-A; FX-STAFF-L2; FX-STAFF-L3","GIVEN 一条 PENDING 陪玩收益","WHEN L2 与 L3 分别请求确认和标记 PAID","THEN L2 只读并被拒绝写入；L3 近期 step-up 后可执行且必须填写原因；状态历史和审计可追踪","SPEC-5.3; SPEC-10.4; SPEC-17.4","API_RBAC"
"AT-EAR-003","P0_BLOCKER","API","EARNINGS","退款创建收益 Adjustment 且原收益不可变","FX-EARNING-PAID-A; FX-REFUND-PARTIAL","GIVEN 原 PlayerEarning 已 CONFIRMED 或 PAID","WHEN 有权限员工完成含收益调整的退款结案","THEN 追加一条 PlayerEarningAdjustment 并关联原 playerEarningId 与 sourceRefundId；不创建第二条同 orderId 的 PlayerEarning；原金额和状态事实不可覆盖或硬删除；按主记录加 Adjustment 汇总后的净收益符合结案金额","SPEC-3.10; SPEC-6.5; SPEC-9; SPEC-17.3","API_DB_INTEGRATION"
"AT-RBAC-001","P0_HIGH","UAT","RBAC","L1 仅执行基础客服动作","FX-STAFF-L1; FX-STAFF-TASK-OPEN","GIVEN L1 登录 Dashboard 并在 Discord 客服卡片操作","WHEN 查看脱敏资料、认领自己的任务、联系用户、写备注和提交建议","THEN 所有允许动作成功且仅在个人 scope；导航和按钮与 capabilities 一致；动作均归因到真实 L1","SPEC-5.2; SPEC-13.3; SPEC-17.4","UAT_MANUAL"
"AT-RBAC-002","P0_BLOCKER","API","RBAC","L1 无法执行资金或破坏性操作","FX-STAFF-L1; FX-ORDER-ACCEPTED-A; FX-GIFT-REQUEST-1999","GIVEN L1 拥有有效会话","WHEN 尝试扣款、退款、批准/拒绝礼物、取消已接单订单、封禁、改价格、改权限或删除数据","THEN 每项返回 403；业务与资金均无变化；高风险拒绝尝试写入审计","SPEC-5.2; SPEC-5.3; SPEC-17.4","API_DATA_DRIVEN_RBAC"
"AT-RBAC-003","P0_BLOCKER","API","REFUND_RBAC","L2 可执行 49900 CAT subunits 退款","FX-ORDER-REFUNDABLE; FX-STAFF-L2; FX-REFUND-499","GIVEN 合法退款金额为 49900 CAT subunits","WHEN L2 完成原因和确认后执行退款","THEN 在 L2 权限内幂等完成；不创建升级审批；退款与审计金额准确","SPEC-5.3; SPEC-14.2","API_BOUNDARY"
"AT-RBAC-004","P0_BLOCKER","API","REFUND_RBAC","L2 可执行 50000 CAT subunits 退款","FX-ORDER-REFUNDABLE; FX-STAFF-L2; FX-REFUND-500","GIVEN 合法退款金额等于 50000 CAT subunits","WHEN L2 执行退款","THEN 在 L2 权限内完成且不升级审批；申请人、原因和 transaction_ref 被记录","SPEC-5.3; SPEC-5.4; SPEC-18","API_BOUNDARY"
"AT-RBAC-005","P0_BLOCKER","API","REFUND_RBAC","50100 CAT subunits 退款升级 L3","FX-ORDER-REFUNDABLE; FX-STAFF-L2; FX-REFUND-501","GIVEN 合法退款金额为 50100 CAT subunits","WHEN L2 尝试执行退款","THEN 返回 202 APPROVAL_PENDING；不追加内部钱包退款贷记、不改变订单终态；L3 可在 step-up 有效后处理","SPEC-5.3; SPEC-5.4; SPEC-10.6","API_BOUNDARY"
"AT-RBAC-006","P0_BLOCKER","API","REFUND_RBAC","500000 CAT subunits 退款仅 L4 可直接执行","FX-ORDER-REFUNDABLE-5000; FX-STAFF-L4-A-STEPUP","GIVEN 退款金额为 500000 CAT subunits 且订单与退款预览版本有效","WHEN L4 填写原因并在近期 step-up/MFA 有效期内直接执行退款","THEN 仅 L4 可直接执行且允许同一人发起并执行，不要求不同人员复核；API 原子重校验订单、退款金额和业务版本后只退款一次；原因、step-up/MFA 事实及不可篡改审计完整保留","SPEC-5.4; SPEC-10.5; SPEC-17.4","API_APPROVAL_FLOW"
"AT-RBAC-007","P0_HIGH","API","RBAC","L2 无权修改目录返佣配置或人员权限","FX-STAFF-L2","GIVEN L2 有有效 Dashboard 会话","WHEN 调用目录、礼物价格、返佣规则、Role 映射或 staff role 写接口","THEN API 全部返回 403 且不产生配置版本；拒绝动作按权限码审计","SPEC-5.2; SPEC-5.3; SPEC-13.2","API_DATA_DRIVEN_RBAC"
"AT-RBAC-008","P0_HIGH","API","RBAC","L3 可维护业务目录但不能管理 L4 或集成密钥","FX-STAFF-L3-STEPUP","GIVEN L3 已完成 15 分钟内的二次验证","WHEN 创建服务双价格版本、调整礼物/返佣规则，并尝试授予 L4 或轮换密钥","THEN 业务配置操作成功并生成版本与审计；访问管理和集成密钥操作返回 403","SPEC-5.2; SPEC-5.3; SPEC-5.4","API_DATA_DRIVEN_RBAC"
"AT-RBAC-009","P0_BLOCKER","API","RBAC","L4 也不能硬删除财务和审计记录","FX-STAFF-L4-A-STEPUP; FX-FINANCIAL-RECORDS","GIVEN L4 管理员拥有最高权限","WHEN 尝试删除订单、交易、消费、收益、礼物、返佣、退款或 audit_logs","THEN API 无删除路由或返回 405/403；数据保持不变；纠错仅允许冲正、归档或追加更正","SPEC-5.2; SPEC-13.6; SPEC-17.4","API_SCHEMA_SECURITY"
"AT-RBAC-010","P0_BLOCKER","API","RBAC","L1-L4 权限按等级累积继承","FX-STAFF-L1; FX-STAFF-L2; FX-STAFF-L3-STEPUP; FX-STAFF-L4-A-STEPUP","GIVEN L1、L2、L3、L4 各自拥有有效会话和代表其等级的允许操作","WHEN 依次由 L2 执行 L1 操作、L3 执行 L2 操作、L4 执行 L3 操作","THEN 明确验证 L2 执行 L1、L3 执行 L2、L4 执行 L3 均成功；高等级同时继承全部更低等级 capabilities；API 与 Dashboard 能力矩阵一致且每次动作审计归因真实 actor","BASELINE-RBAC; SPEC-5.2; SPEC-17.4","API_DATA_DRIVEN_RBAC"
"AT-RBAC-011","P0_BLOCKER","API","RBAC","高额操作不要求发起与执行人员分离","FX-ORDER-REFUNDABLE-5000; FX-GIFT-REQUEST-5000; FX-STAFF-L4-A-STEPUP","GIVEN L4 对金额大于或等于 500000 CAT subunits 的退款或礼物操作填写了原因","WHEN 同一 L4 在近期 step-up/MFA 有效期内发起并执行高额操作","THEN 允许同一人发起并执行；不要求不同人员复核；L4 可直接执行高额操作；执行前重校验业务版本并完整保留不可篡改审计","BASELINE-RBAC; SPEC-5.4; SPEC-10.5; SPEC-17.4","API_RBAC"
"AT-ROL-001","P0_BLOCKER","API_DB_WORKER","ROLE_SYNC","L1 和 L2 Discord Role 可靠自动生效","FX-ROLE-MAPPINGS; FX-DISCORD-MEMBER-NO-STAFF","GIVEN 成员先获得 L1 Role 后再获得 L2 Role，且首次处理可能暂时失败","WHEN Bot 通过启动对账或 guildMemberUpdate 将观测写入持久化 role-sync 队列，或 Worker 每 5 分钟执行全量对账","THEN Outbox 在响应前提交并最多尝试 8 次；最终自动创建/更新内部 staff_account 到对应级别；记录映射版本；permissions_version 增加且旧会话撤销","SPEC-5.7; SPEC-10.5; SPEC-17.4","API_DB_WORKER_ROLE_SYNC"
"AT-ROL-002","P0_BLOCKER","API","ROLE_SYNC","首次 L3 Role 仅产生待确认升级","FX-ROLE-MAPPINGS; FX-STAFF-L2; FX-DISCORD-ROLE-L3","GIVEN L2 首次获得 L3 Discord Role","WHEN role-sync 执行","THEN effective level 仍为 L2；requested_level=L3_OPERATIONS；返回 ROLE_ELEVATION_PENDING；仅现有 L4 批准后升级并撤销会话","SPEC-5.7; SPEC-10.6; SPEC-17.4","API_ROLE_SYNC"
"AT-ROL-003","P0_BLOCKER","API","ROLE_SYNC","首次 L4 Role 由另一现有 L4 确认","FX-ROLE-MAPPINGS; FX-STAFF-L3; FX-STAFF-L4-A","GIVEN L3 首次获得 L4 Discord Role且系统已有 L4 A","WHEN role-sync 后 L4 A 批准升级","THEN 确认前仍为 L3；批准人与目标员工不同；批准后成为 L4并撤销旧会话；全部事件只追加","SPEC-5.7; SPEC-10.5; SPEC-17.4","API_ROLE_SYNC"
"AT-ROL-004","P0_BLOCKER","E2E","ROLE_SYNC","Role 降级或移除立即撤权","FX-STAFF-L3-ACTIVE-SESSION; FX-ROLE-MAPPINGS","GIVEN L3 员工有活跃 Dashboard 会话","WHEN Discord Role 被移除或只剩 L1 Role并由持久化队列处理","THEN 内部权限立即降到 L1或撤销；permissions_version 增加；所有旧会话返回 401；Dashboard 明确提示“权限已变化，请重新登录”；高级按钮消失且后续 API 按低级别拒绝","SPEC-5.7; SPEC-12; SPEC-17.4","E2E_ROLE_SYNC"
"AT-ROL-005","P0_HIGH","API","ROLE_SYNC","最高 Discord Role 不直接构成业务授权","FX-STAFF-L2; FX-DISCORD-ROLE-L4-PENDING","GIVEN 成员同时拥有 L2 与 L4 Role但 L4 尚未确认","WHEN 其通过 Bot 或 Dashboard 请求 L4 操作","THEN API 读取内部 effective level=L2 并拒绝；客户端提交 Role ID 或 requested_level 不改变授权","SPEC-5.7; SPEC-10.1; SPEC-17.4","API_SECURITY"
"AT-AUTH-001","P0_BLOCKER","API","AUTHORIZATION","伪造 Bot Actor Header 无法越权","FX-BOT-TOKEN-INVALID; FX-ACTOR-HEADERS-L4","GIVEN 外部请求伪造 X-Actor-Discord-User-Id、level、staff_id 和 L4 Role ID","WHEN 使用无效或普通 Token 调用业务/管理接口","THEN 返回 401；不解析伪造操作者、不执行业务；记录 client_id、interaction_id 和拒绝原因且不泄露敏感对象","SPEC-10.1; SPEC-11.2; SPEC-17.4","API_SECURITY"
"AT-AUTH-002","P0_BLOCKER","API","AUTHORIZATION","Dashboard 忽略浏览器自报角色","FX-STAFF-L1-SESSION","GIVEN L1 会话在请求体或 Header 自报 L4 level/permission","WHEN 调用高风险管理接口","THEN API 只从服务端会话和数据库读取 L1；返回 403；前端显示或隐藏按钮不影响结果","SPEC-10.1; SPEC-17.4","API_SECURITY"
"AT-AUTH-003","P0_BLOCKER","API","AUTHORIZATION","对象归属阻止跨用户访问和操作","FX-USER-CUSTOMER-A; FX-USER-CUSTOMER-B; FX-ORDER-CUSTOMER-B","GIVEN 客户 A 获得客户 B 的 order_id、gift_request_id 或 consumption cursor","WHEN A 通过 Bot Actor Context 请求查看、取消、确认或送礼","THEN 返回 403/404 且不泄露 B 的数据或对象状态；记录拒绝原因","SPEC-10.1; SPEC-17.4","API_SECURITY"
"AT-WHK-001","P0_BLOCKER","CONTRACT","RETIREMENT","支付 Webhook 入口已退役","FX-CONTRACTS","GIVEN 当前 API 路由、OpenAPI 与运行时配置","WHEN 扫描支付 Webhook 路径、handler、签名配置与事件处理器","THEN 不存在可调用的支付 Webhook 或渠道事件写入口；内部 CAT 钱包不依赖渠道回调入账","M7-SPEC-§1;§11","STATIC_CONTRACT_GATE"
"AT-WHK-002","P0_BLOCKER","API","RETIREMENT","旧支付回调不能写入资金事实","FX-RETIRED-PAYMENT-WEBHOOK-REQUEST","GIVEN 任意请求尝试访问旧支付 Webhook 路径或提交渠道事件","WHEN 请求到达当前 API","THEN 返回 404/不支持且不创建 WalletEntry、消费、退款、返佣调整或 Outbox；客服充值只能调用受权限与幂等保护的 Dashboard 钱包接口","M7-SPEC-§1;§9;§11","API_RETIREMENT"
"AT-WHK-003","P0_BLOCKER","CONTRACT","RETIREMENT","支付 Webhook 配置与密钥已移除","FX-CONTRACTS; FX-ENV","GIVEN 当前环境变量、部署文件与日志脱敏配置","WHEN 扫描支付 Webhook Secret、签名算法、重放窗口和 Provider key","THEN 不存在支付 Webhook 凭证或运行时配置；非资金外部触发仍需独立可信身份与通用审计","M7-SPEC-§9;§11","STATIC_SECURITY_GATE"
"AT-REC-001","P0_HIGH","API","WALLET_RECOVERY","内部余额查询失败可安全重试","FX-WALLET-READ-FAILURE","GIVEN PostgreSQL 或 WalletService 暂时不可用且未返回余额结果","WHEN 用户查询余额或提交前余额校验","THEN 显示服务暂不可用；不假设余额或扣款成功；保存 request_id；重试不创建 WalletEntry、预留或订单状态副作用","SPEC-12; SPEC-17.5; M7-SPEC-§8","API_FAULT_INJECTION"
"AT-REC-002","P0_BLOCKER","API","WALLET_RECOVERY","提交响应丢失后按原幂等键恢复捕获","FX-RESERVATION-ORDER-CAPTURE; FX-WALLET-CAPTURE-RESPONSE-LOST","GIVEN 服务完成事务已可能提交但 API 响应在客户端收到前中断","WHEN 客户端沿用原 Idempotency-Key 重试完成动作","THEN API 返回首次结果；数据库只保留一条 ORDER_CAPTURE_DEBIT、一条消费和一次 reservation CAPTURED，订单不会重复完成或扣款","BASELINE-FUNDS; SPEC-11.3; SPEC-12; SPEC-17.5; M7-SPEC-§8","API_DB_FAULT_INJECTION"
"AT-REC-003","P0_HIGH","E2E","RECOVERY","删除的订单面板可从数据库重建","FX-ORDER-IN-SERVICE; FX-DISCORD-PANEL-DELETED","GIVEN Discord 常驻面板被删除而订单数据库完整","WHEN 管理员触发面板修复 Job","THEN 按当前订单状态、金额快照和允许动作重建面板并更新 panel_message_id；不修改订单状态或资金记录","SPEC-1; SPEC-12; SPEC-17.5","E2E_DISCORD_RECOVERY"
"AT-REC-004","P0_BLOCKER","E2E","RECOVERY","Bot 重启后恢复未完成 Outbox 与交互状态","FX-GIFT-CAPTURED-UNANNOUNCED; FX-ORDER-PENDING-DISPATCH","GIVEN Bot 在礼物捕获成功未播报及候选池卡片同步过程中重启","WHEN Sapphire Bot 和 Job Worker 恢复","THEN 从 API/数据库恢复待处理 Job；播报、候选池卡片和客户面板最终同步；不重复捕获、消费、报名或终选，也不按时间关闭候选池","SPEC-4; SPEC-11.3; SPEC-17.5","E2E_RESTART_RECOVERY"
"AT-REC-005","P0_BLOCKER","UAT","BACKUP_RECOVERY","测试环境完成数据库备份恢复演练","FX-DATABASE-SNAPSHOT-A","GIVEN 测试库包含订单、交易、礼物、返佣、收益、任务和审计样本","WHEN 执行备份、清空隔离恢复库、恢复并启动 API/Bot","THEN 核心表行数和引用完整；活跃订单可继续；不可变流水校验一致；恢复过程不使用生产密钥或真实个人数据","SPEC-14; SPEC-17.5","UAT_RUNBOOK"
"AT-AUD-001","P0_BLOCKER","API","AUDIT","所有后台写操作和高风险拒绝尝试可追溯","FX-STAFF-L1; FX-STAFF-L3; FX-ORDER-ACCEPTED-A","GIVEN 分别从 Discord Bot 与 Dashboard 执行允许写操作和被拒绝高风险操作","WHEN 查询对应 audit_logs","THEN 每条含 actor_id、actor_level、actor_source、client_id、permission_code、target、before/after、reason、request_id及可选 interaction_id/approval_id","SPEC-9; SPEC-12.1; SPEC-17.5","API_AUDIT_ASSERTION"
"AT-AUD-002","P0_BLOCKER","Unit","AUDIT","日志和 fixtures 不含密钥及敏感值","FX-SECRET-SENTINELS","GIVEN 请求含 Bot Token、receipt 内容、渠道参考号和个人敏感字段的哨兵值","WHEN 触发成功、验证失败、拒绝和异常日志","THEN 应用日志与 audit_logs 不出现 Token、文件正文或完整敏感值；仅保留允许字段、散列、掩码或 request_id","SPEC-12.1; SPEC-14.3; M7-SPEC-§9","LOG_SCAN_AUTO"
"AT-AUD-003","P0_BLOCKER","API","AUDIT","财务和审计记录只追加不可硬删除","FX-FINANCIAL-RECORDS; FX-STAFF-L4-A-STEPUP","GIVEN 订单、交易、消费、礼物、返佣、收益、Adjustment 和审计记录已存在","WHEN 执行纠错、冲正并尝试直接 UPDATE 主记录金额或 DELETE","THEN 业务接口只追加 PlayerEarningAdjustment、CommissionAdjustment 或其他更正记录；数据库权限阻止应用角色删除或覆盖不可变主记录；原记录完整保留","SPEC-5.4; SPEC-9; SPEC-13.6; SPEC-17.4","DB_INTEGRATION_SECURITY"
"AT-AUD-004","P0_HIGH","API","AUDIT","Bot 与 Dashboard 同一用例产生一致业务与审计结果","FX-STAFF-L2; FX-GIFT-REQUEST-2000","GIVEN 同一 L2 可从 Discord 客服卡片或 Dashboard 批准相同礼物","WHEN 在隔离数据上分别经两个客户端调用统一 API","THEN 状态迁移、金额阈值、幂等键、权限结果和审计字段一致；差异仅为 client_id/actor_source/interaction_id","SPEC-1; SPEC-10.1; SPEC-17.4","CONTRACT_PARITY_AUTO"
"AT-PL-001","P0_BLOCKER","E2E","ORDER_CONFIRMATION","提交前完整展示结构化需求","FX-ORDER-CONFIRMATION-SUMMARY; FX-SERVICE-ACTIVE-V1","GIVEN 客户已填写即时单的游戏、服务、区服、时长、标签和备注","WHEN Bot 刷新最终确认面板","THEN 同一面板完整展示全部需求、价格快照、ledgerBalanceMinor、reservedMinor、availableMinor 与取消规则；缺项时提交按钮禁用","PL-01","E2E_DISCORD"
"AT-PL-002","P0_BLOCKER","API","BALANCE_RESERVATION","余额摘要与有效预留一致","FX-BALANCE-SUMMARY; FX-RESERVATION-ORDER-PENDING; FX-RESERVATION-GIFT-PENDING","GIVEN 内部账本余额和订单、礼物两笔有效预留已存在","WHEN Bot 或 Dashboard 调用统一余额摘要 API","THEN 响应字段固定为 ledgerBalanceMinor、reservedMinor、availableMinor、currency、calculatedAt，且 availableMinor=ledgerBalanceMinor-reservedMinor","PL-02","API_DB_INTEGRATION"
"AT-PL-003","P0_BLOCKER","E2E","MATCHING","用户可见候选池阶段、报名名单与下一步","FX-MATCHING-PROGRESS","GIVEN 即时订单处于待招募、COLLECTING 或 SELECTION 阶段","WHEN 客户开始或终止招募、陪玩报名或撤回、客户终选","THEN 私密订单面板原位显示当前阶段、有效报名陪玩 mention 与客户可执行的开始/终止/终选/重招募/取消动作；不显示自然截止或自动获胜者","PL-03;M11-US-05","E2E_DISCORD"
"AT-PL-004","P0_BLOCKER","E2E","PLAYER_WORKBENCH","陪玩工作台形成最小报名闭环","FX-PLAYER-WORKBENCH","GIVEN 陪玩已绑定档案且拥有服务资格","WHEN 陪玩打开工作台查看候选池、报名、撤回和正式订单","THEN 页面显示资格、可报名候选池、本人报名、正式订单、需求、无截止招募状态、收益摘要和可执行下一步；不显示候选池倒计时，不提供在线或可接单开关；所有写操作经统一 API","PL-04; SPEC-M11","E2E_DASHBOARD"
"AT-PL-005","P0_BLOCKER","E2E","READINESS","全体有效陪玩就绪后才进入服务中","FX-READINESS-NONE;FX-MULTI-PLAYER-ORDER","GIVEN 已完成客户终选的订单中有效陪玩初始均未就绪且客户无 readiness 动作","WHEN 有效陪玩逐人确认就绪","THEN 前 N-1 人确认不开始服务；最后一人确认后 API 只执行一次 ACCEPTED 到 IN_SERVICE 迁移并记录逐人时间","M10-US-04;M19-US-03;READY-02","E2E_DISCORD_API"
"AT-PL-006","P0_BLOCKER","E2E","CANCELLATION_PREVIEW","取消前展示可执行影响预览","FX-CANCELLATION-PREVIEW-AUTO; FX-CANCELLATION-PREVIEW-MANUAL","GIVEN 客户分别对可自动取消和需客服处理的订单发起取消","WHEN Bot 获取最新取消预览","THEN 执行前展示是否可自动处理、预计释放或退款金额、处理方式、时效和 previewToken；确认后 API 原子复核订单与预留版本","PL-06","E2E_DISCORD_API"
"AT-RES-001","P0_BLOCKER","API","FUND_RESERVATION","提交订单原子创建预留","FX-ORDER-DRAFT-A; FX-RESERVATION-ORDER-PENDING","GIVEN 草稿订单价格快照有效且可用余额充足","WHEN 客户确认提交即时订单","THEN 同一事务创建绑定 order_id、幂等键、版本和金额的 PENDING FundReservation，并进入 PENDING_DISPATCH；未捕获资金","PL-02; BASELINE-FUNDS","API_DB_TRANSACTION"
"AT-RES-002","P0_BLOCKER","Unit","BALANCE_RESERVATION","可用余额由内部账本余额减有效预留派生","FX-BALANCE-SUMMARY","GIVEN ledgerBalanceMinor=300000 且有效预留合计 reservedMinor=210000","WHEN 计算余额摘要","THEN availableMinor=90000，结果不读取或写入可手工编辑的 pending 余额字段，货币维度严格一致","PL-02; BASELINE-FUNDS","UNIT_TABLE_DRIVEN"
"AT-RES-003","P0_BLOCKER","API","FUND_RESERVATION","并发订单与礼物不能超支","FX-RESERVATION-CONCURRENT-OVERSPEND","GIVEN 可用余额只够订单或礼物其中一笔","WHEN 两个请求在真实数据库事务中同时创建预留","THEN 仅一个请求成功且只有一条有效预留；另一请求返回余额不足；availableMinor 不为负且重试沿用各自幂等键","PL-02; BASELINE-FUNDS","API_DB_CONCURRENCY"
"AT-RES-004","P0_BLOCKER","API","FUND_RESERVATION","客户取消或明确失败只释放订单预留一次","FX-RESERVATION-ORDER-RELEASE","GIVEN 待招募、招募中或选秀中的订单拥有 PENDING 预留","WHEN 客户取消，或合法拒绝/失败事件被重复处理","THEN 预留从 PENDING 只迁移一次到 RELEASED；reservedMinor 减少一次；不产生 ORDER_REFUND 或重复释放；时间流逝、Worker 重启、零报名和客户终止招募均不释放预留","BASELINE-FUNDS; BASELINE-CANCELLATION;M11-US-05","API_IDEMPOTENCY"
"AT-RES-005","P0_BLOCKER","API","FUND_RESERVATION","服务完成捕获订单预留","FX-RESERVATION-ORDER-CAPTURE","GIVEN 服务中订单拥有 PENDING 预留且双方确认完成","WHEN API 原子结案","THEN 预留变为 CAPTURED；只创建一条 ORDER_CHARGE、消费、陪玩收益和适用返佣；重复完成无额外副作用","BASELINE-FUNDS; BASELINE-SERVICE","API_DB_TRANSACTION"
"AT-RES-006","P0_BLOCKER","API","FUND_RESERVATION","争议期间保持预留","FX-RESERVATION-DISPUTE","GIVEN 订单进入争议且资金尚未结案","WHEN 自动任务或任一普通角色尝试释放或捕获","THEN reservation 保持 DISPUTED；不生成消费、退款或收益；仅有权限的结案 API 可改变生命周期","BASELINE-FUNDS; BASELINE-SUPPORT","API_RBAC_STATE"
"AT-RES-007","P0_BLOCKER","API","FUND_RESERVATION","部分结案分别捕获与释放剩余金额","FX-RESERVATION-PARTIAL-RESOLUTION","GIVEN 争议预留金额 20000 且决议捕获 12000、释放 8000 minor units","WHEN L2 或更高权限执行合法结案","THEN 同一事务记录捕获 12000 和释放 8000 的追加事实；总和等于原预留；余额、消费和收益按决议一致","BASELINE-FUNDS; BASELINE-SUPPORT","API_DB_TRANSACTION"
"AT-RES-008","P0_BLOCKER","API","GIFT_RESERVATION","创建礼物请求立即预留","FX-RESERVATION-GIFT-PENDING","GIVEN 用户选择有效礼物与订单当前陪玩且可用余额充足","WHEN 创建礼物请求","THEN 同一事务创建 PENDING 礼物预留和客服任务；reservedMinor 立即增加；不创建 GIFT_CHARGE 或播报","BASELINE-FUNDS; BASELINE-GIFT","API_DB_TRANSACTION"
"AT-RES-009","P0_BLOCKER","API","GIFT_RESERVATION","礼物批准捕获既有预留","FX-RESERVATION-GIFT-PENDING; FX-GIFT-REQUEST-2000; FX-STAFF-L2","GIVEN 200000 CAT subunits 礼物已人工核对并绑定 PENDING reservation_id","WHEN L2 批准礼物","THEN API 捕获该预留并创建一条 GIFT_CHARGE、消费和 Outbox；不新建第二笔预留或重新人工计算余额","BASELINE-FUNDS; BASELINE-GIFT","API_DB_TRANSACTION"
"AT-RES-010","P0_BLOCKER","API","GIFT_RESERVATION","礼物拒绝过期或撤回释放预留","FX-RESERVATION-GIFT-RELEASE","GIVEN 礼物请求拥有 PENDING 预留","WHEN 有权限员工拒绝、系统到期或用户在允许阶段撤回且事件被重放","THEN 预留只释放一次，礼物进入对应终态，reservedMinor 恢复且不生成 GIFT_CHARGE、消费或播报","BASELINE-FUNDS; BASELINE-GIFT","API_IDEMPOTENCY"
"AT-RES-011","P0_BLOCKER","API","GIFT_RESERVATION","礼物金额超过可用余额禁止确认","FX-GIFT-RESERVATION-INSUFFICIENT","GIVEN 礼物价格大于 availableMinor","WHEN 用户打开确认面板或提交礼物请求","THEN 确认按钮禁用且 API 仍返回余额不足、差额和充值入口；不创建礼物、预留或客服任务","BASELINE-FUNDS; BASELINE-GIFT","API_BOUNDARY"
"AT-WRK-001","P0_HIGH","E2E","PLAYER_WORKBENCH","工作台字段完整且不泄露客户敏感信息","FX-PLAYER-WORKBENCH","GIVEN 有资格陪玩打开 Dashboard 工作台","WHEN 加载当前正式订单、可报名候选池与本人报名","THEN 显示服务资格、需求摘要、无截止招募状态、本人报名状态、正式订单、收益摘要和下一步；不显示候选池截止时间，不提供在线或可接单开关；仅展示报名必要的脱敏客户信息","PL-04; SPEC-M11","E2E_DASHBOARD"
"AT-WRK-002","P0_BLOCKER","API","PLAYER_WORKBENCH","在线与可接单状态不再决定报名资格","FX-PLAYER-WORKBENCH; FX-PLAYER-ACTIVE-MATCHED","GIVEN 陪玩已审批 ACTIVE、同 Guild 且标签匹配，无论 Discord presence 为在线或离线、旧 availability 为 AVAILABLE 或 BUSY","WHEN 加载工作台并尝试报名","THEN API 不提供设置 online 或 availability 的业务动作；上述状态仅为诊断信息且不改变报名资格","PL-04; SPEC-M11","API_AUTO"
"AT-WRK-003","P0_BLOCKER","E2E","PLAYER_WORKBENCH","无基础资格者不可报名且忙碌者仍可报名","FX-PLAYER-WORKBENCH; FX-PLAYER-POOL","GIVEN 候选包含审核无效、标签不符、离线和已有活跃订单的陪玩","WHEN 工作台展示候选池并分别报名","THEN 审核无效或标签不符者不可见或被 API 拒绝；离线或已有活跃订单但基础资格有效者可报名；所有私密反馈不泄露内部审核原因","PL-04; SPEC-M11","E2E_DASHBOARD_API"
"AT-MAT-001","P0_HIGH","E2E","SELECTION","候选池过程展示实时报名名单与客户终止动作","FX-MATCHING-PROGRESS","GIVEN 订单经历 COLLECTING、SELECTION 与终选阶段","WHEN 陪玩报名、撤回或客户终止招募","THEN 同一用户订单 Embed 按 API 事实原位更新 stage、当前有效报名者 Discord mention 与 allowedActions；mention 不触发重复通知；Bot 不自行推断候选或时间","PL-03; SPEC-M11","E2E_DISCORD"
"AT-MAT-002","P0_BLOCKER","E2E","SELECTION","客户试音匹配后展示正式陪玩与下一步","FX-MATCHING-PROGRESS; FX-PLAYER-ACTIVE-MATCHED","GIVEN 多名合格报名者进入同一试音房","WHEN 客户原子确认一名或多名正式陪玩","THEN 用户面板显示已确认陪玩资料摘要、后续陪玩全员就绪进度和客服入口；未匹配者只收到本人结果并被撤销语音权限；不存在按先后自动获胜","M11-US-01;M18-US-05;M19-US-02","E2E_DISCORD"
"AT-RDY-001","P0_BLOCKER","API","READINESS","客户不能提交 readiness","FX-ORDER-ACCEPTED-A","GIVEN ACCEPTED 订单客户可查看逐名陪玩准备进度","WHEN 客户尝试提交 readiness","THEN 返回 403 且有拒绝审计；状态、逐人 readiness、开始时间和资金均不改变","M10-US-04;M19-US-03;READY-02","API_STATE_MACHINE"
"AT-RDY-002","P0_BLOCKER","API","READINESS","部分有效陪玩就绪不开始服务","FX-READINESS-PARTIAL-PLAYERS","GIVEN ACCEPTED 多陪玩订单仍有当前有效陪玩未就绪","WHEN 查询或重复提交已就绪陪玩的 readiness","THEN 状态保持 ACCEPTED、未生成开始计费或捕获记录，并逐名返回仍未就绪的陪玩","M10-US-04;M19-US-03;READY-02","API_STATE_MACHINE"
"AT-RDY-003","P0_BLOCKER","E2E","READINESS","最后一名有效陪玩就绪原子开始服务","FX-READINESS-ALL-BUT-ONE-PLAYER","GIVEN ACCEPTED 订单除一名外所有当前有效陪玩均已就绪","WHEN 最后一名有效陪玩确认就绪且并发重放请求","THEN 只发生一次 ACCEPTED 到 IN_SERVICE；startedAt 固定；客户与陪玩收到更新；资金仍为预留而非捕获","M10-US-04;M19-US-03;READY-02;BASELINE-SERVICE","E2E_DISCORD_API"
"AT-RDY-004","P0_BLOCKER","E2E","READINESS","陪玩就绪超时转客服且不计费","FX-READINESS-TIMEOUT","GIVEN ACCEPTED 订单在 deadlineAt 前仍有有效陪玩未就绪","WHEN ReadinessTimeout Job 执行或重放","THEN 订单不进入 IN_SERVICE；创建且仅创建一个客服任务并逐名显示未确认陪玩；预留保持，客户不被要求确认 readiness","M10-US-04;M19-US-03;STATE-04","E2E_JOB_FAULT"
"AT-RDY-005","P0_BLOCKER","API","READINESS","兼容开始接口不能绕过其他有效陪玩","FX-ORDER-ACCEPTED-A;FX-MULTI-PLAYER-ORDER","GIVEN 仅部分有效陪玩已就绪","WHEN 任一陪玩调用旧 start 接口或伪造其他陪玩就绪字段","THEN API 返回 403/409；状态保持 ACCEPTED；Actor Context、参与人归属与旧调用拒绝被审计","M10-US-04;M19-US-03;READY-02","API_SECURITY"
"AT-CXL-001","P0_BLOCKER","API","CANCELLATION_PREVIEW","可自动取消预览返回释放金额","FX-CANCELLATION-PREVIEW-AUTO","GIVEN 待派单订单仅存在有效预留且符合自动取消规则","WHEN 调用取消预览 API","THEN 返回 automatable=true、estimatedReleaseMinor、estimatedRefundMinor=0、处理方式、预计时效、previewToken 和 expiresAt","PL-06; BASELINE-CANCELLATION","API_CONTRACT"
"AT-CXL-002","P0_BLOCKER","API","CANCELLATION_PREVIEW","已接单取消预览指向客服处理","FX-CANCELLATION-PREVIEW-MANUAL","GIVEN 已接单订单取消需要人工判断","WHEN 调用取消预览 API","THEN 返回 autoProcessable=false、预计释放或退款范围、SUPPORT_REVIEW、时效和客服申请动作，不直接改变订单或预留","PL-06; BASELINE-CANCELLATION","API_CONTRACT"
"AT-CXL-003","P0_BLOCKER","API","CANCELLATION_PREVIEW","过期业务版本拒绝执行旧预览","FX-CANCELLATION-PREVIEW-STALE","GIVEN 获取预览后订单、预留或金额版本已变化","WHEN 客户携带旧 previewToken 确认取消","THEN API 返回 409 STALE_CANCELLATION_PREVIEW 和最新摘要；不释放、退款或改状态；客户端必须重新确认","PL-06; BASELINE-CANCELLATION","API_CONCURRENCY"
"AT-CXL-004","P0_BLOCKER","API","CANCELLATION_PREVIEW","过期或跨订单预览不可复用","FX-CANCELLATION-PREVIEW-EXPIRED","GIVEN preview 已过 expiresAt 或其 orderId 与请求对象不同","WHEN 客户确认取消","THEN 返回 409/422；不执行任何资金或状态副作用；记录 request_id 但不泄露其他订单数据","PL-06; BASELINE-CANCELLATION","API_SECURITY"
"AT-SUP-005","P0_BLOCKER","E2E","SUPPORT_TAKEOVER","客服接管暂停默认自动化并保持预留","FX-SUPPORT-AUTOMATION-PAUSED","GIVEN 订单处于派单、就绪或取消自动流程且客服认领任务","WHEN L1 点击接管并填写原因","THEN API 设置 automationPaused=true、记录任务和审计；Worker 不再推进自动动作；现有预留保持且 L1 无资金权限","BASELINE-P0; BASELINE-SUPPORT","E2E_DASHBOARD_API"
"AT-SUP-006","P0_BLOCKER","E2E","SUPPORT_TAKEOVER","恢复自动化前重新校验业务事实","FX-SUPPORT-AUTOMATION-RESUMABLE","GIVEN 客服处理完成且订单仍可自动继续","WHEN L2 或有权限员工点击恢复自动化","THEN API 重新校验订单版本、候选、就绪、余额与预留；通过后从明确 resumeAction 继续，不通过则保持暂停并返回原因","BASELINE-P0; BASELINE-SUPPORT","E2E_DASHBOARD_API"
"AT-RFP-001","P0_BLOCKER","API","REFERRAL_PROGRAM","推广者固定额首购返佣只结算一次","FX-REFERRAL-PROMOTER-FIXED","GIVEN 被推荐用户绑定 PROMOTER_FIRST_PURCHASE 固定额计划且首次符合条件净消费完成","WHEN 相同消费事件重复或后续消费到达","THEN 仅生成一条固定金额 Commission 主记录并永久标记计划已结算；重复事件无额外返佣","BASELINE-REFERRAL","API_IDEMPOTENCY"
"AT-RFP-002","P0_BLOCKER","API","REFERRAL_PROGRAM","推广者首笔净消费百分比返佣","FX-REFERRAL-PROMOTER-PERCENT","GIVEN PROMOTER_FIRST_PURCHASE 配置按首笔符合条件净消费百分比结算","WHEN 首笔订单完成并出现后续订单或礼物","THEN 按 basis points 对首笔净额向下取整且只结算一次；后续消费不再产生该计划返佣","BASELINE-REFERRAL","API_MONEY_CALC"
"AT-RFP-003","P0_BLOCKER","API","REFERRAL_PROGRAM","陪玩长期计划覆盖符合条件订单与礼物","FX-REFERRAL-PLAYER-LIFETIME","GIVEN 被推荐用户绑定 PLAYER_LIFETIME 且计划允许净订单和净礼物消费","WHEN 多笔符合条件消费依次完成并发生重复事件","THEN 每个业务来源最多一条 Commission 主记录，均使用计划快照比例，重复事件不重复返佣","BASELINE-REFERRAL","API_DB_INTEGRATION"
"AT-RFP-004","P0_BLOCKER","API","REFERRAL_PROGRAM","两个返佣来源互斥","FX-REFERRAL-MUTEX","GIVEN 用户已有一个有效 PROMOTER_FIRST_PURCHASE 或 PLAYER_LIFETIME 来源","WHEN L3 尝试绑定另一个有效来源或并发绑定两种计划","THEN 唯一约束只允许一个来源；失败请求不产生半成品；绑定、拒绝与改绑尝试写审计","BASELINE-REFERRAL","API_DB_CONCURRENCY"
"AT-RFP-005","P0_BLOCKER","E2E","REFERRAL_PRIVACY","被推荐用户端全链路不泄露返佣关系","FX-REFERRAL-CONFIDENTIAL","GIVEN 客户是某返佣计划的被推荐用户","WHEN 其查看用户 API、Discord 面板、错误、通知、消费历史和可下载响应","THEN 不出现受益人、关系类型、比例、金额或状态；对象不存在与无权访问错误不可用于探测关系","BASELINE-REFERRAL","E2E_PRIVACY_SCAN"
"AT-RFP-006","P0_HIGH","API","REFERRAL_PRIVACY","受益人只看自己的脱敏收益","FX-REFERRAL-BENEFICIARY-VIEW","GIVEN 推广者或陪玩作为返佣受益人","WHEN 查询自己的返佣收益","THEN 只返回归属自己的金额与状态，来源用户按规则脱敏；不可反查联系方式、订单私密频道或其他受益人记录","BASELINE-REFERRAL","API_DATA_SCOPE"
"AT-RFP-007","P0_HIGH","API","REFERRAL_RBAC","L1-L4 按级别访问返佣资料","FX-REFERRAL-CONFIDENTIAL; FX-STAFF-L1; FX-STAFF-L2; FX-STAFF-L3; FX-STAFF-L4-A","GIVEN 四级员工分别打开同一返佣对象","WHEN 查询、绑定、纠错或确认返佣","THEN L1 看不到受益人与金额；L2 仅按已分配任务有限查看；L3/L4 可按权限绑定、纠错、确认和审计；每次访问均记录 scope","BASELINE-REFERRAL; BASELINE-RBAC","API_DATA_DRIVEN_RBAC"
"AT-RFP-008","P0_BLOCKER","API","REFERRAL_ADJUSTMENT","退款通过非负 Adjustment 冲正返佣","FX-REFERRAL-ADJUSTMENT","GIVEN 已存在 Commission 主记录且关联消费发生退款","WHEN REFUND_UPDATED/status=SUCCEEDED 被幂等处理","THEN 追加一条 amountMinor 为非负绝对值的 CommissionAdjustment，由 type 表示方向；原 Commission 不覆盖、不删除、不创建第二条主记录","BASELINE-REFERRAL; BASELINE-ADJUSTMENT","API_DB_INTEGRATION"
"AT-TML-001","P0_BLOCKER","API","TRANSACTION_TIMELINE","订单业务事实形成统一时间线","FX-TRANSACTION-TIMELINE; FX-TRANSACTION-CHARGED","GIVEN 订单已经历预留、接单、逐人陪玩就绪、捕获、消费、收益、返佣和退款冲正","WHEN 有权限员工查询业务时间线","THEN 按 occurredAt 稳定排序并关联 sourceId、request_id 和 actor；退款交易状态与原扣款聚合退款状态分开展示；Adjustment 作为追加事件展示","BASELINE-P0; BASELINE-TIMELINE","API_CONTRACT"
"AT-TML-002","P0_HIGH","API","TRANSACTION_TIMELINE","时间线按角色脱敏","FX-TRANSACTION-TIMELINE-REDACTED; FX-STAFF-L1; FX-STAFF-L3","GIVEN 同一时间线含资金、返佣受益人和内部审计字段","WHEN L1 与 L3 分别查询","THEN L1 仅见任务所需事件且资金、返佣敏感字段隐藏；L3 见获授权详情；双方响应不包含密钥或不必要个人数据","BASELINE-TIMELINE; BASELINE-RBAC","API_DATA_SCOPE"
"AT-MET-001","P0_HIGH","API","METRICS","今日订单数口径可复算","FX-METRICS-SNAPSHOT","GIVEN 固定时区窗口内有 12 个已提交订单事实","WHEN 查询运营指标 API","THEN todayOrderCount=12，按提交时间和 America/Edmonton 窗口计算，不按当前状态或展示时区重复计数","BASELINE-METRICS","API_METRIC_RECONCILIATION"
"AT-MET-002","P0_HIGH","API","METRICS","进行中订单数口径可复算","FX-METRICS-SNAPSHOT","GIVEN 快照中有 3 个处于 PENDING_DISPATCH、ACCEPTED 或 IN_SERVICE 的订单","WHEN 查询运营指标 API","THEN activeOrderCount=3，已取消、已完成和已结案订单不计入","BASELINE-METRICS","API_METRIC_RECONCILIATION"
"AT-MET-003","P0_HIGH","API","METRICS","待处理任务数口径可复算","FX-METRICS-SNAPSHOT","GIVEN 快照中有 4 个未终结客服或审批任务","WHEN 查询运营指标 API","THEN pendingTaskCount=4，只统计可操作未终结状态，已完成或撤销任务不计入","BASELINE-METRICS","API_METRIC_RECONCILIATION"
"AT-MET-004","P0_HIGH","API","METRICS","已完成净消费扣除退款与冲正","FX-METRICS-SNAPSHOT","GIVEN 快照包含已完成订单消费、订单退款和对应调整事实","WHEN 查询运营指标 API","THEN completedNetConsumptionMinor=86000，使用同币种 minor units 的消费减退款口径，不直接汇总订单标价","BASELINE-METRICS","API_METRIC_RECONCILIATION"
"AT-MET-005","P0_HIGH","API","METRICS","礼物净消费独立统计","FX-METRICS-SNAPSHOT","GIVEN 快照包含已捕获礼物消费与礼物退款","WHEN 查询运营指标 API","THEN giftNetConsumptionMinor=22000，与订单净消费分开且不因播报状态重复或遗漏","BASELINE-METRICS","API_METRIC_RECONCILIATION"
"AT-MET-006","P0_HIGH","API","METRICS","预留总额只含有效预留","FX-METRICS-SNAPSHOT","GIVEN 指标快照的源事实同时包含 PENDING、CAPTURED 和 RELEASED 预留","WHEN 查询运营指标 API","THEN reservedTotalMinor=35000，只汇总窗口内当前有效 PENDING 记录并可与同口径余额摘要复核","BASELINE-METRICS; PL-02","API_METRIC_RECONCILIATION"
"AT-MET-007","P0_HIGH","API","METRICS","派单成功率使用已接受尝试除以总尝试","FX-METRICS-SNAPSHOT","GIVEN 窗口内 8 次派单尝试中 7 次被接受","WHEN 查询运营指标 API","THEN dispatchSuccessRateBps=8750，分母为已启动派单尝试且零分母有确定性返回值","BASELINE-METRICS","API_METRIC_RECONCILIATION"
"AT-MET-008","P0_HIGH","API","METRICS","异常数按唯一事件计数","FX-METRICS-SNAPSHOT","GIVEN 快照中有 2 个唯一未关闭异常事件且存在重试日志","WHEN 查询运营指标 API","THEN exceptionCount=2，同一异常的重试不重复计数，关闭状态按指标口径排除","BASELINE-METRICS","API_METRIC_RECONCILIATION"
"AT-UI-001","P0_BLOCKER","E2E","DISCORD_UI","个人服务中心使用合规原生组件","FX-GUILD; FX-USER-REGISTERED","GIVEN 已注册客户从公共入口打开个人服务中心","WHEN Sapphire Bot 通过可信 Actor Context 解析客户并返回账户摘要","THEN 使用 Discord 原生消息组件和 ephemeral 响应；不展示或收集第三方账户绑定码、支付密码或充值链接","SPEC-7.5; M7-SPEC-§7","E2E_DISCORD_COMPONENTS"
"AT-UI-002","P0_BLOCKER","E2E","DISCORD_UI","订单结构化选择在消息面板逐步完成","FX-GUILD; FX-USER-CUSTOMER-A; FX-ORDER-DRAFT-A; FX-SERVICE-ACTIVE-V1","GIVEN 用户已进入私密订单频道且订单为 DRAFT","WHEN 用户依次选择游戏、服务、区服、时长和标签","THEN 每项使用消息 String Select 提交；Bot 每次调用统一 API 后编辑原消息并加载下一组关联选项；不会尝试在打开的 Modal 内级联刷新","SPEC-6.2; SPEC-7.5","E2E_DISCORD_COMPONENTS"
"AT-UI-003","P0_BLOCKER","E2E","DISCORD_UI","补充备注 Modal 保持单字段纵向布局","FX-GUILD; FX-USER-CUSTOMER-A; FX-ORDER-DRAFT-A","GIVEN 用户在订单消息中点击填写补充备注","WHEN Bot 打开补充备注 Modal 并提交","THEN Modal 仅含由 Label 包装的可选 Text Input；无双栏和自定义按钮；提交后更新原订单消息并保留订单版本校验","SPEC-6.2; SPEC-7.5","E2E_DISCORD_COMPONENTS"
"AT-UI-004","P0_HIGH","E2E","DISCORD_UI","超过 25 个选项时使用消息分页或提交后搜索","FX-GUILD; FX-USER-CUSTOMER-A; FX-SERVICE-ACTIVE-V1","GIVEN 测试目录基于已启用服务生成超过 25 个可选项","WHEN 用户打开对应选择步骤","THEN 单个 String Select 不超过 25 项；系统提供消息分页，或先提交搜索词 Modal 后在新响应中返回结果；不在打开的 Modal 内实时搜索","SPEC-7.5","E2E_DISCORD_COMPONENTS"
"AT-UI-005","P0_HIGH","E2E","DISCORD_UI","送礼与取消确认使用私密消息而非复杂 Modal","FX-GUILD; FX-USER-CUSTOMER-A; FX-ORDER-IN-SERVICE; FX-GIFT-1999","GIVEN 用户从订单面板发起送礼或查看取消影响","WHEN 系统展示选择、金额影响和最终确认","THEN 礼物选择、余额差额、取消影响和确认按钮位于订单消息或 ephemeral 消息；Discord Modal 仅用于必要自由文本；Dashboard 高风险确认明确实现为网页 Dialog","SPEC-7.5; SPEC-17.3","E2E_DISCORD_COMPONENTS"
"AT-CFG-001","P0_BLOCKER","E2E","BOT_CONFIG","L3 运营修改日常频道配置","FX-GUILD; FX-STAFF-L3; FX-BOT","GIVEN L3 staff_account 有 bot_config.read 与 bot_config.operational.manage 且 /bot-config 读取到当前配置版本","WHEN L3 使用 Channel Select 修改 gift_broadcast_channel_id，经 validateBotConfigChange 预览后确认并由 updateBotConfig 提交","THEN API 按 staff_account 最终授权并应用运营字段、版本加一、返回审计引用，Bot 刷新 ephemeral 配置消息；紧接着发起的下一次礼物播报使用新频道而不是旧缓存","BOT-CONFIG-DESIGN-§2-5; ACCESS-01; ACCESS-02","E2E_DISCORD_API"
"AT-CFG-002","P0_BLOCKER","API","BOT_CONFIG","L4 累积继承 L3 配置权限","FX-GUILD; FX-STAFF-L4-A; FX-BOT","GIVEN L4 staff_account 拥有 bot_config.read、bot_config.operational.manage 与 bot_config.security.manage","WHEN L4 通过 getBotConfig 读取可管理字段并用 updateBotConfig 修改一个 L3 运营字段","THEN API 允许修改且保留真实 actor；L4 无需额外复制 L3 权限，权限结果与累积继承策略一致","BOT-CONFIG-DESIGN-§2; BASELINE-RBAC; ACCESS-01","API_RBAC"
"AT-CFG-003","P0_BLOCKER","API","BOT_CONFIG","L3 修改 Role 映射被 API 拒绝","FX-GUILD; FX-STAFF-L3; FX-ROLE-MAPPINGS","GIVEN L3 有 bot_config.read 与 bot_config.operational.manage 但没有 bot_config.security.manage","WHEN L3 通过 validateBotConfigChange 或 updateBotConfig 请求修改 staff_l4_role_id","THEN API 返回 403 PERMISSION_DENIED，配置版本与 Role 映射不变；客户端隐藏或禁用入口不能替代服务端拒绝","BOT-CONFIG-DESIGN-§2-3; ACCESS-01; ACCESS-02","API_RBAC"
"AT-CFG-004","P0_BLOCKER","E2E","BOT_CONFIG","频道配置使用 Discord Channel Select","FX-GUILD; FX-STAFF-L3; FX-BOT","GIVEN L3 打开 Guild-only /bot-config 的频道分类","WHEN 操作者选择 public_entry_channel_id 或 private_order_category_id 的新值","THEN Bot 使用 Discord Channel Select 提供当前 Guild 的适配频道，不要求或接受手工频道 ID；选择结果交给 validateBotConfigChange","BOT-CONFIG-DESIGN-§3.1; BOT-CONFIG-DESIGN-§4","E2E_DISCORD_COMPONENTS"
"AT-CFG-005","P0_BLOCKER","API","BOT_CONFIG","无效频道或 Bot 权限不足不保存","FX-GUILD; FX-STAFF-L3; FX-BOT","GIVEN 待选频道不属于当前 Guild、类型不符合用途，或 Bot 缺少查看、发送消息或管理频道所需权限","WHEN 调用 validateBotConfigChange，或用 testBotConfigDelivery 测试目标频道后尝试 updateBotConfig","THEN 返回明确字段错误或缺失 Discord 权限，mayApply=false 且 validationToken=null，不调用持久化写入且当前配置和版本保持不变","BOT-CONFIG-DESIGN-§3.1; BOT-CONFIG-DESIGN-§5; BOT-CONFIG-DESIGN-§8","API_CONTRACT"
"AT-CFG-006","P0_BLOCKER","E2E","BOT_CONFIG","修改必须先预览再确认应用","FX-GUILD; FX-STAFF-L3; FX-BOT","GIVEN L3 已选择一个有效运营配置新值且当前版本未变化","WHEN Bot 调用 validateBotConfigChange 后展示旧值、新值、警告和错误","THEN 选择或预览不会生效；校验通过返回绑定 actor、Guild、版本、规范化变更和原因的短期 validationToken，只有操作者点击确认应用并携带有效 Token 才可调用 updateBotConfig；缺失、过期、内容不符、取消或超时均不保存","BOT-CONFIG-DESIGN-§4; BOT-CONFIG-DESIGN-§9","E2E_DISCORD_API"
"AT-CFG-007","P0_BLOCKER","API","BOT_CONFIG","配置版本冲突不覆盖新值","FX-GUILD; FX-STAFF-L3; FX-STAFF-L4-A","GIVEN L3 与 L4 通过 getBotConfig 读取同一 expectedVersion，L4 已先完成一次 updateBotConfig","WHEN L3 使用旧 expectedVersion 和旧 validationToken 确认另一项修改","THEN API 返回 409 CONFIG_VERSION_CONFLICT，不覆盖 L4 的较新配置；调用方重新读取、重新预览并取得新 Token 后才能提交","BOT-CONFIG-DESIGN-§5-6; ACCESS-02","API_CONCURRENCY"
"AT-CFG-008","P0_BLOCKER","API","BOT_CONFIG","配置变更追加完整审计事件","FX-GUILD; FX-STAFF-L3; FX-BOT","GIVEN L3 对有效运营字段完成预览并填写修改原因","WHEN updateBotConfig 成功提交变更","THEN 追加一条不可硬删除的配置事件，包含 Guild、前后版本、changes、previous_values、reason、actor_staff_id、source、时间和审计引用","BOT-CONFIG-DESIGN-§2; BOT-CONFIG-DESIGN-§5-6; SPEC-12.1","API_AUDIT_ASSERTION"
"AT-CFG-009","P0_HIGH","E2E","BOT_CONFIG","Bot 重启后从 API 重载当前配置","FX-GUILD; FX-STAFF-L3; FX-BOT","GIVEN updateBotConfig 已保存新频道并提交配置事件，旧 Bot 进程缓存仍可被丢弃","WHEN Bot 重启或模块重新加载并调用 getBotConfig","THEN 新进程以 API 当前版本重建缓存和 /bot-config 展示，不依赖进程内旧值且不回滚已保存配置","BOT-CONFIG-DESIGN-§4; BOT-CONFIG-DESIGN-§8-9","E2E_RESTART_RECOVERY"
"AT-CFG-010","P0_BLOCKER","E2E","BOT_CONFIG","配置交互保持 ephemeral 隐私","FX-GUILD; FX-STAFF-L1; FX-STAFF-L3; FX-BOT","GIVEN L3 在 Guild 中执行 /bot-config 且另一名成员可查看同一频道","WHEN getBotConfig 返回当前配置、预览、权限错误或保存结果","THEN 所有配置内容与组件均为仅操作者可见的 ephemeral 响应；其他成员不能读取或操作 custom_id，会话数据不包含完整配置或权限事实","BOT-CONFIG-DESIGN-§4; BOT-CONFIG-DESIGN-§7; BOT-CONFIG-DESIGN-§9","E2E_PRIVACY_SCAN"
"AT-SET-001","P0_BLOCKER","DB","SETTLEMENT","同一收益不能进入两个有效批次","FX-EARNING-CONFIRMED; FX-SETTLEMENT-RACE","GIVEN 同一 CONFIRMED 收益满足两个并发批次的范围","WHEN 两个事务同时创建结算批次","THEN 只有一个有效批次关联该收益；另一个返回冲突且不留下部分批次","M6-SPEC-§4.3","API_DB_CONCURRENCY"
"AT-SET-002","P0_BLOCKER","API","SETTLEMENT","自动结算重放返回同一批次","FX-SETTLEMENT-SCHEDULE","GIVEN 同一 scheduleKey、周期、币种的自动结算已生成","WHEN 周期任务以相同输入重试","THEN 返回原批次且不重复关联收益、报告或审计成功事实","M6-SPEC-§4.3","API_IDEMPOTENCY"
"AT-SET-003","P0_HIGH","DB","SETTLEMENT","批次快照与后续调整分期","FX-EARNING-CONFIRMED; FX-LATE-ADJUSTMENT","GIVEN 批次已生成后新增收益冲减","WHEN 查询原批次并预览下一批次","THEN 原批次金额不变；只有负调整时返回 deferredAdjustmentMinor 且不创建负数结算项；后续正收益足够时 Adjustment 与新收益进入下一批次，原收益不重复归批","M6-SPEC-§4.3","API_DB_INTEGRATION"
"AT-SET-004","P0_BLOCKER","API","SETTLEMENT","高额手动批次禁止创建者自批","FX-STAFF-L3; FX-SETTLEMENT-HIGH","GIVEN 手动批次达到双人复核阈值且创建者拥有继承后的 L4 能力","WHEN 创建者本人尝试批准","THEN API 按 actor ID 与生成来源拒绝，角色继承不能绕过自批禁止","M6-SPEC-§4.4; ACCESS-02","API_RBAC"
"AT-SET-005","P0_BLOCKER","API","SETTLEMENT","部分支付只完成成功项目","FX-SETTLEMENT-APPROVED","GIVEN 已批准批次包含两个陪玩","WHEN 登记一个成功和一个失败的第三方转账结果","THEN 批次为 PARTIALLY_PAID；仅成功项及其收益为 PAID；失败项可后续处理","M6-SPEC-§4.5","API_TRANSACTION"
"AT-SET-006","P0_HIGH","API","SETTLEMENT","导出不包含银行敏感数据","FX-SETTLEMENT-APPROVED","GIVEN L3 在近期 step-up 后导出转账清单","WHEN exportSettlementBatch 生成 CSV","THEN 包含业务标识、周期、收益、调整和净应付，不包含银行卡或完整收款账号，金额与快照一致","M6-SPEC-§4.5","API_CONTRACT"
"AT-SET-010","P0_BLOCKER","API","SETTLEMENT","支付登记必须可对账","FX-SETTLEMENT-EXPORTED","GIVEN 店长已在第三方平台完成操作","WHEN 登记支付结果","THEN 每项要求第三方批次号或凭证备注，记录操作者、时间、幂等键和审计；重复请求不重复更新","M6-SPEC-§4.5","API_AUDIT_ASSERTION"
"AT-RPT-001","P0_BLOCKER","WORKER","WEEKLY_REPORT","周期报告生成可重放","FX-WEEKLY-PERIOD","GIVEN 周期内有完成、取消、待确认、已确认和 Adjustment","WHEN 周报任务首次执行并重试","THEN 只生成一组个人报告和一份汇总，待确认与可结算分开且总额一致","M6-SPEC-§5","WORKER_DB_INTEGRATION"
"AT-RPT-002","P0_HIGH","API","WEEKLY_REPORT","陪玩只能查看本人周报","FX-PLAYER-A; FX-PLAYER-B; FX-WEEKLY-REPORTS","GIVEN 两名陪玩各有周报","WHEN 陪玩 A 查询列表或尝试读取 B 的报告","THEN 仅返回 A 的报告；越权响应不泄露 B 是否存在","M6-SPEC-§5","API_PRIVACY"
"AT-RPT-006","P0_HIGH","WORKER","WEEKLY_REPORT","通知失败不阻断报告结算","FX-WEEKLY-REPORT; FX-DM-FAILURE","GIVEN 报告和结算已成功提交但 Discord 私信失败","WHEN Worker 处理通知任务","THEN 报告和结算保持成功，通知任务可重试且不重放财务写入","M6-SPEC-§5;§8","WORKER_RECOVERY"
"AT-PRF-001","P0_HIGH","API","CUSTOMER_PROFILE","客户 Profile 统计口径与分页","FX-CUSTOMER-HISTORY","GIVEN 客户具有订单、礼物、退款、调整和有效预留","WHEN L2 查询 30 天、90 天和全部时间 Profile","THEN 返回可追溯统计、余额时间戳、分页订单/资金入口，金额按币种且不由客户端计算","M6-SPEC-§6.1","API_DB_INTEGRATION"
"AT-PRF-002","P0_BLOCKER","API","USER_PROFILE","用户只能读取自己的 Profile","FX-USER-CUSTOMER-A; FX-USER-CUSTOMER-B","GIVEN A 和 B 均绑定 Discord","WHEN A 调用当前用户 Profile 和订单接口","THEN API 从 Actor 解析 A，不接受目标 userId 且不返回 B 的事实","M6-SPEC-§6.2","API_PRIVACY"
"AT-PRF-004","P0_HIGH","API","CUSTOMER_PROFILE","后台 Profile 不泄露返佣受益人给低权限或用户","FX-CUSTOMER-REFERRED; FX-STAFF-L2","GIVEN 客户消费触发保密返佣","WHEN L2 查看客户 Profile 或客户查看本人 Profile","THEN 不返回受益人、推荐关系、比例、金额或状态","M6-SPEC-§6; REF-06","API_PRIVACY_SCAN"
"AT-PRF-005","P0_HIGH","E2E","USER_PROFILE","Discord Profile 保持私密且可导航","FX-GUILD; FX-USER-CUSTOMER-A","GIVEN 用户打开我的服务中心","WHEN 查看 Profile、订单、消费、充值和刷新余额","THEN 所有个人内容 ephemeral 展示，按钮返回同一私密流程并支持分页","M6-SPEC-§6.2","E2E_DISCORD_API"
"AT-PRF-006","P0_BLOCKER","API","USER_PROFILE","余额与预留使用同一内部账本快照","FX-WALLET; FX-ACTIVE-RESERVATION","GIVEN 用户内部 CAT 钱包存在账本条目与有效预留","WHEN 用户查看 Profile 后并发提交订单或礼物","THEN Profile 返回同一事务口径的 ledgerBalanceMinor、reservedMinor、availableMinor 和 calculatedAt；资金写入重新锁定钱包校验","M6-SPEC-§6.2; M7-SPEC-§2","API_WALLET_INTEGRATION"
"AT-PRF-008","P0_HIGH","DASHBOARD","CUSTOMER_PROFILE","Profile 模块失败彼此隔离","FX-CUSTOMER-HISTORY; FX-WALLET-READ-FAILURE","GIVEN 客户统计和订单可用但内部钱包余额读取失败","WHEN Dashboard 打开客户 Profile","THEN 统计与订单正常显示，余额模块单独报错并提供 request_id，整页不白屏","M6-SPEC-§6.1;§8; M7-SPEC-§7","DASHBOARD_COMPONENT"
"AT-GFT-012","P0_BLOCKER","API","GIFT","余额不足礼物可选但零业务写入","FX-ORDER-IN-SERVICE; FX-GIFT-UNAFFORDABLE","GIVEN 礼物价格大于 availableMinor","WHEN 用户选择礼物并调用 checkGiftAffordability","THEN 返回价格、余额、预留、可用和差额，并提示联系客服提交付款 receipt 后登记 CAT 充值；不返回第三方充值 URL，不创建 GiftRequest、FundReservation、客服任务或 Outbox","M6-SPEC-§7","API_DB_ASSERTION"
"AT-GFT-013","P0_HIGH","E2E","GIFT","客服充值后刷新并继续原礼物","FX-GIFT-UNAFFORDABLE; FX-TOP-UP-SUCCESS","GIVEN 用户已选择余额不足礼物且客服根据 receipt 完成内部 CAT 充值","WHEN 用户返回原私密流程并点击刷新余额","THEN Bot 保留原礼物上下文并展示最终确认；联系支持或刷新本身不被当作充值成功","M6-SPEC-§7; M7-SPEC-§7","E2E_DISCORD_API"
"AT-GFT-014","P0_BLOCKER","API","GIFT","刷新后价格变化要求重确认","FX-GIFT-UNAFFORDABLE; FX-GIFT-PRICE-CHANGED","GIVEN 用户充值期间礼物价格或状态变化","WHEN 刷新余额或最终确认","THEN API 返回目录版本变化并要求重新选择或确认，不按旧价格创建预留","M6-SPEC-§7","API_CONCURRENCY"
"AT-RPT-007","P0_HIGH","API","WEEKLY_REPORT","授权周报可按修订版本导出","FX-WEEKLY-REPORT; FX-STAFF-L2","GIVEN L2 可查看一份带修订历史的周报","WHEN 调用 exportWeeklyReport 导出当前版本","THEN 返回 UTF-8 BOM RFC 4180 CSV，金额与所选修订快照一致且不含银行或返佣受益人数据","M6-SPEC-§5","API_CONTRACT"
"AT-RPT-008","P0_HIGH","API","WEEKLY_REPORT","人工纠错只追加周报修订","FX-WEEKLY-REPORT; FX-STAFF-L3","GIVEN L3 已近期 step-up 且周报当前版本为 N","WHEN 填写原因并调用 createWeeklyReportRevision","THEN 新增 N+1 快照且原版本不可覆盖；旧 expectedRevision 或重复幂等请求不会产生额外版本","M6-SPEC-§5","API_AUDIT_ASSERTION"
"AT-PRF-009","P0_BLOCKER","API","CUSTOMER_PROFILE","L1 客户资料范围跨模块一致","FX-STAFF-L1; FX-CUSTOMER-ASSIGNED; FX-CUSTOMER-UNASSIGNED","GIVEN L1 只被分配到客户 A 的订单或客服任务","WHEN 查询 A 与未分配客户 B 的资料摘要、订单和资金入口","THEN customer_profile.read 仅允许 A；B 返回不泄露存在性的拒绝，角色继承不能绕过对象范围","M6-SPEC-§6.1; ACCESS-02","API_RBAC"
"AT-PRF-010","P0_BLOCKER","E2E","CUSTOMER_PROFILE","客服内部备注只追加且复用客户范围","FX-STAFF-L1; FX-STAFF-L2; FX-CUSTOMER-ASSIGNED; FX-CUSTOMER-UNASSIGNED","GIVEN 客服打开职责内客户 Profile","WHEN 追加有效内部备注并刷新页面，同时尝试空白、超长、越权对象及修改删除既有备注","THEN 有效备注按时间追加且隐藏作者；无修改删除能力；无效输入拒绝；L1 仅职责内、L2-L4 仅同 Guild","M6-SPEC-§6.1; ACCESS-02","E2E_DASHBOARD_API_DB"
"AT-GFT-015","P0_HIGH","API","GIFT","余额不足返回客服充值指引","FX-GUILD; FX-GIFT-UNAFFORDABLE","GIVEN 内部 CAT 可用余额不足且未配置任何第三方充值链接","WHEN checkGiftAffordability 返回余额不足结果","THEN 结果返回固定客服充值指引与精确差额；不读写第三方支付平台，且不写入礼物业务事实","M6-SPEC-§7","API_WALLET_INTEGRATION"
"AT-WAL-001","P0_BLOCKER","DB","WALLET","内部 CAT 账本是唯一余额事实","FX-WALLET-A; FX-WALLET-ENTRIES","GIVEN CAT 钱包含多条贷记与借记且存在有效预留","WHEN API 查询客户余额","THEN ledgerBalanceMinor 等于 CREDIT 减 DEBIT；availableMinor 等于 ledgerBalanceMinor 减 reservedMinor；currency 固定 CAT","M7-SPEC-§2;§4; M9-SPEC-§3","DB_API_ASSERTION"
"AT-WAL-002","P0_BLOCKER","DB","WALLET","资金事实只追加且不可硬删除","FX-WALLET-A; FX-WALLET-ENTRY","GIVEN 已提交 WalletEntry、TopUp 或 ExternalRefundDebit","WHEN 任意角色尝试 UPDATE 或 DELETE","THEN 数据库拒绝操作；纠错只能追加 Adjustment 或冲正记录","M7-SPEC-§4;§9","DB_CONSTRAINT"
"AT-WAL-003","P0_BLOCKER","API","TOP_UP","L2 记录 USD 付款并即时充值 CAT","FX-STAFF-L2; FX-CUSTOMER-A","GIVEN L2 提供 paidAmountUsdCents、paymentMethod、receiptNumber、paidAt、note 和 reasonCode","WHEN 调用 createAdminTopUp","THEN TopUp、等额 creditedCatSubunits、CAT CREDIT WalletEntry 与成功审计在同一事务创建并立即反映到账户余额","M7-SPEC-§5;§7; M9-SPEC-§3;§5","API_DB_ASSERTION"
"AT-WAL-004","P0_BLOCKER","API","TOP_UP","L1 不能执行人工 CAT 充值","FX-STAFF-L1; FX-CUSTOMER-A","GIVEN L1 提交任意正数 paidAmountUsdCents 的完整充值请求","WHEN 调用 createAdminTopUp","THEN API 要求 L2 与近期验证并拒绝；不创建 TopUp、WalletEntry 或成功审计，拒绝尝试有审计记录","M7-SPEC-§5;§9; M9-SPEC-§5","API_RBAC_AUDIT"
"AT-WAL-005","P0_HIGH","API","TOP_UP","L2 可执行正数 USD cents 到 CAT 充值","FX-STAFF-L2; FX-CUSTOMER-A","GIVEN L2 通过近期验证并提交正数 paidAmountUsdCents 与完整付款依据","WHEN 调用 createAdminTopUp","THEN 按 1 USD cent = 1 CAT subunit 即时到账并记录真实操作者、CAT 金额和逐对象审计变化","M7-SPEC-§5;§9; M9-SPEC-§3;§5","API_RBAC_AUDIT"
"AT-WAL-006","P0_BLOCKER","API","TOP_UP","付款方式与 receipt 组合唯一","FX-STAFF-L2; FX-CUSTOMER-A; FX-TOPUP-REFERENCE","GIVEN 已存在相同 paymentMethod 与 receiptNumber 的充值","WHEN 再次以不同幂等键提交同一组合","THEN 数据库和 API 拒绝重复 CAT 入账且余额不变；失败尝试有审计记录","M7-SPEC-§5; M9-SPEC-§5","API_DB_CONCURRENCY"
"AT-WAL-007","P0_HIGH","E2E","TOP_UP","充值凭证附件可选且私有","FX-STAFF-L2; FX-CUSTOMER-A","GIVEN 一次已创建充值","WHEN 客服选择不上传附件或上传受支持图片/PDF","THEN 不上传仍可完成充值；上传只保存私有对象引用、类型、大小、SHA-256 和操作人，授权下载可用","M7-SPEC-§6;§7; M9-SPEC-§5","E2E_DASHBOARD_API"
"AT-WAL-008","P0_BLOCKER","API","EXTERNAL_REFUND","渠道退款扣款不允许负数","FX-STAFF-L2; FX-WALLET-AVAILABLE-LOW","GIVEN 外部渠道退款已经线下完成且请求金额大于 availableMinor","WHEN 调用 createAdminExternalRefundDebit","THEN API 原子拒绝且 WalletEntry 不变；失败尝试有审计记录","M7-SPEC-§5;§8","API_CONCURRENCY_AUDIT"
"AT-WAL-009","P0_HIGH","API","EXTERNAL_REFUND","足额渠道退款登记为内部借记","FX-STAFF-L2; FX-WALLET-AVAILABLE-HIGH","GIVEN 外部渠道退款已完成且完整必填信息、金额不大于 availableMinor","WHEN 调用 createAdminExternalRefundDebit","THEN ExternalRefundDebit 与 DEBIT WalletEntry 同事务创建并即时降低余额，且记录审计变化","M7-SPEC-§5;§8;§9","API_DB_ASSERTION"
"AT-WAL-010","P0_BLOCKER","CONTRACT","WALLET","运行时资金合同只允许 CAT 内部钱包","FX-CONTRACTS","GIVEN 当前源码、OpenAPI、业务配置与客户端构建产物","WHEN 扫描 Provider 资金、绑定、充值 URL、Webhook、可配置汇率与非 CAT 账本入口","THEN 不存在可调用路径或配置；充值付款证据固定 USD，所有内部钱包与业务金额字段固定为 CAT subunits","M7-SPEC-§1;§11; M9-SPEC-§3;§8","STATIC_CONTRACT_GATE"
"AT-AUD-005","P0_BLOCKER","DB","AUDIT","成功业务变更与逐对象审计原子提交","FX-STAFF-L1; FX-CUSTOMER-A","GIVEN 一个会改变多个对象的合法写请求","WHEN 业务提交成功或审计写入被注入失败","THEN 成功时 AuditLog 与每个 AuditLogChange 同事务存在；审计失败时全部业务变化回滚","M7-SPEC-§9","DB_TRANSACTION_ASSERTION"
"AT-AUD-006","P0_BLOCKER","API","AUDIT","失败与权限拒绝也记录尝试","FX-STAFF-L1; FX-CUSTOMER-A","GIVEN 一个验证失败请求和一个无权限请求","WHEN API 处理这些非只读尝试","THEN 分别写入 FAILURE 与 REJECTED 审计结果、原因和 requestId，且敏感输入被脱敏","M7-SPEC-§9","API_AUDIT_ASSERTION"
"AT-AUD-007","P0_HIGH","WORKER","AUDIT","Bot、Webhook 与 Job 写操作可归因","FX-BOT-ACTOR; FX-WEBHOOK; FX-JOB-RETRY","GIVEN Bot 服务调用、Webhook 触发和重试 Job 各执行一次写操作","WHEN 操作成功、失败或被拒绝","THEN 审计记录包含可信 actorSource、triggerSource、jobId 或 interactionId、retryAttempt 和幂等键","M7-SPEC-§9","INTEGRATION_AUDIT"
"AT-AUD-008","P0_BLOCKER","API","AUDIT","全量写路由审计覆盖且记录不可变","FX-ROUTE-INVENTORY; FX-STAFF-L4","GIVEN 所有 Dashboard、Discord、Bot、Webhook 和 Job 非只读入口清单","WHEN 执行静态覆盖检查并尝试修改或删除审计头与明细","THEN 每个入口使用统一审计封套且数据库拒绝 UPDATE/DELETE；L4 也不能绕过","M7-SPEC-§9;§11","STATIC_DB_GATE"
"AT-TKN-001","P0_BLOCKER","CONTRACT","TOKEN_DISPLAY","CAT 展示就是唯一内部账本事实","FX-CONTRACTS","GIVEN 当前 OpenAPI、Prisma 与数据库迁移","WHEN 检查金额字段、currency 与持久化结构","THEN API 和数据库内部金额均为整数 CAT subunits，且不存在第二账本或可配置汇率表；USD 只存在于充值付款证据和结算辅助列","M8-SPEC-§2;§7; M9-SPEC-§3","STATIC_CONTRACT_GATE"
"AT-TKN-002","P0_BLOCKER","UNIT","TOKEN_DISPLAY","CAT subunit 覆盖最小金额","FX-WALLET-MINOR-VALUES","GIVEN canonical CAT amountMinor 为 1、10、100 和 10000","WHEN 客户金额格式化器按 10 subunits = 1 CAT 渲染","THEN 分别显示 0.1、1.0、10.0 和 1,000.0 CAT，且不使用浮点运算","M8-SPEC-§3;§6; M9-SPEC-§3","UNIT_AUTO"
"AT-TKN-003","P0_HIGH","CONFIG","TOKEN_DISPLAY","猫条名称与 CAT 符号固定","FX-WALLET-DISPLAY-CONFIG","GIVEN 固定 displayName=猫条、symbol=CAT、subunitsPerCat=10","WHEN Bot 启动并渲染客户钱包与消费","THEN 所有调用点使用固定猫条/CAT；任何旧展示名称、符号或比例配置均失败关闭","M8-SPEC-§3;§5; M9-SPEC-§3","CONFIG_UNIT_AUTO"
"AT-TKN-004","P0_BLOCKER","E2E","TOKEN_DISPLAY","客户钱包与消费只显示 CAT","FX-CUSTOMER-A; FX-WALLET-BALANCE","GIVEN 当前客户打开钱包、订单、礼物、消费、取消或系统内退款界面","WHEN Bot 返回私密客户消息","THEN 所有内部资金金额显示 CAT，不出现 USD、美元符号或并排换算；充值付款回执除外","M8-SPEC-§4; M9-SPEC-§3","E2E_DISCORD"
"AT-TKN-005","P0_BLOCKER","E2E","TOKEN_DISPLAY","员工和陪玩业务金额显示 CAT","FX-STAFF-L2; FX-PLAYER-A","GIVEN 员工查看钱包操作、目录、审批或结算且陪玩查看收益、返佣或周报","WHEN Dashboard 或 Bot 渲染金额","THEN 内部业务金额显示 CAT；结算可另列固定换算的人工 USD 支付辅助值，但不形成第二账本","M8-SPEC-§4; M9-SPEC-§3","E2E_DASHBOARD_DISCORD"
"AT-TKN-006","P0_HIGH","INTEGRATION","TOKEN_DISPLAY","USD 充值即时反映为 CAT","FX-STAFF-L2; FX-CUSTOMER-A","GIVEN 客服成功登记 USD 100 即 paidAmountUsdCents=10000","WHEN 客户刷新钱包","THEN CAT 账本只增加 10000 subunits 且客户界面显示增加 1,000.0 CAT，不产生第二笔代币流水","M8-SPEC-§2;§6; M9-SPEC-§3;§5","API_BOT_INTEGRATION"
"AT-TKN-007","P0_BLOCKER","CONFIG","TOKEN_DISPLAY","旧展示配置失败关闭","FX-INVALID-WALLET-DISPLAY-CONFIG","GIVEN 显式提供旧钱包名称、符号或比例配置","WHEN Bot 或生产环境校验启动配置","THEN 启动在登录前失败并指出钱包展示已固定为猫条/CAT，不能静默接受或形成第二单位","M8-SPEC-§5; M9-SPEC-§3","CONFIG_AUTO"
"AT-ONB-001","P0_BLOCKER","API_DB","ONBOARDING","Discord 玩家自助注册幂等","FX-NEW-DISCORD-MEMBER","GIVEN 未注册的 Guild 成员与已配置基础玩家角色","WHEN 点击注册为玩家按钮一次或重复点击","THEN 只创建一个 User、DiscordAccount 和 CAT WalletAccount，并保留可重试玩家角色任务","M9-SPEC-§4","API_DB_CONCURRENCY"
"AT-ONB-002","P0_BLOCKER","API_DB","ONBOARDING","玩家申请陪玩不丢失玩家身份","FX-REGISTERED-PLAYER","GIVEN 已注册玩家或新成员","WHEN 点击申请成为陪玩","THEN 保证基础玩家账户存在并只创建一个 PENDING_REVIEW PlayerProfile 与只追加审核事件","M9-SPEC-§4;§6","API_DB_ASSERTION"
"AT-ONB-003","P0_HIGH","BOT_API","ONBOARDING_CHANNEL_RECOVERY","玩家入口与订单频道可恢复","FX-ONBOARDING-CHANNEL;FX-ORDER-ACCEPTED-A","GIVEN 已配置玩家入口频道和私密订单分类","WHEN Bot 首次启动、重启、消息被删除后重启或客户点击开始找陪玩","THEN 常驻消息唯一；新订单频道拒绝客户管理频道并允许客服管理；活跃订单旧频道存在时回到原频道，旧频道不存在时用新私密频道原子替换频道与面板映射并恢复当前订单，订单状态和资金事实不变；失败清理临时频道并提供 request_id","M9-SPEC-§4;M9-US-09","BOT_API_INTEGRATION"
"AT-ONB-004","P0_BLOCKER","BOT_API","ROLE_SYNC","Discord 产品角色最终收敛","FX-PENDING-PRODUCT-ROLE-TASK","GIVEN 玩家、申请中陪玩或已批准陪玩角色首次写入 Discord 失败","WHEN Bot 启动执行角色补偿同步","THEN 根据 API 任务 ADD/REMOVE 角色并回写 APPLIED；失败保留错误与重试能力","M9-SPEC-§4;§6","BOT_API_INTEGRATION"
"AT-ONB-005","P0_BLOCKER","DASHBOARD_API","COMPANION_REVIEW","陪玩批准或拒绝可审计","FX-STAFF-L2; FX-PENDING-COMPANION","GIVEN 待审核陪玩申请","WHEN 有权限员工附理由批准或拒绝","THEN 状态迁移、审核事件和申请/正式陪玩角色任务一致且不取消其玩家身份","M9-SPEC-§6","E2E_DASHBOARD_DISCORD"
"AT-ONB-006","P0_HIGH","AUTH","ONBOARDING","Discord 按钮不信任客户端权限","FX-DISCORD-ACTOR-CONTEXT","GIVEN 客户端只提交 displayName","WHEN 调用注册或陪玩申请 API","THEN Guild、Discord User 和 interactionId 仅从受信 Actor Context 解析，Bot 不直连数据库","M9-SPEC-§4;§8","API_SECURITY"
"AT-WLT-011","P0_BLOCKER","API_DB","TOP_UP","USD cents 固定换算 CAT subunits","FX-STAFF-L2; FX-CUSTOMER-A","GIVEN paidAmountUsdCents=2550、paidCurrency=USD 与完整收款证据","WHEN 管理员登记充值","THEN 只追加一笔 creditedCatSubunits=2550 的 CAT CREDIT，界面显示 USD 25.50 与 255.0 猫条","M9-SPEC-§3;§5","API_DB_ASSERTION"
"AT-WLT-012","P0_BLOCKER","AUTH","TOP_UP","充值要求 L2 与近期验证","FX-STAFF-L1; FX-STAFF-L2","GIVEN 员工未达 L2 或近期 step-up 已过期","WHEN 提交充值","THEN API 拒绝且不产生 TopUp 或 WalletEntry；失败尝试进入审计","M9-SPEC-§5","API_SECURITY"
"AT-WLT-013","P0_BLOCKER","VALIDATION","TOP_UP","充值只接受 USD 和完整依据","FX-STAFF-L2","GIVEN 非 USD 币种、缺失 paymentMethod、receiptNumber、paidAt、note 或 reasonCode","WHEN 提交充值","THEN API 以验证错误拒绝，不允许 Dashboard 直接写 CAT 余额","M9-SPEC-§5","API_VALIDATION"
"AT-CAT-004","P0_BLOCKER","DB","WALLET","CAT 账本非负且资金事实只追加","FX-CAT-WALLET","GIVEN CAT WalletAccount、充值与消费事实","WHEN 尝试修改删除历史或使余额为负","THEN 数据库拒绝并要求以新的 CREDIT/DEBIT/冲正事实表达","M9-SPEC-§3;§7","DB_CONSTRAINT"
"AT-CAT-005","P0_BLOCKER","RELEASE","PROVIDER_RETIREMENT","运行时不依赖外部资金 Provider","FX-PRODUCTION-ENV","GIVEN Railway 生产配置仅含数据库、Discord、Dashboard、业务环境和 Pilot 配置","WHEN 校验并启动 Web/Bot/Worker","THEN 不要求 FUNDING_ADAPTER、Provider secret 或 sandbox provision，迁移与健康检查仍通过","M9-SPEC-§8;§9","STATIC_RUNTIME_GATE"
"AT-TAG-001","P0_HIGH","API_DB","BUSINESS_TAGS","标签代码稳定且只能停用","FX-STAFF-L3","GIVEN 有 catalog.manage 权限但近期 MFA step-up 已过期，且已有 GAME/SERVICE/REGION/LANGUAGE/GIFT_CATEGORY 标签","WHEN 新增标签、修改展示名、停用或尝试修改代码/删除","THEN 标签维护无需 MFA step-up 且保留 CSRF、幂等和审计；展示名和版本可追加更新；代码不可改、无 DELETE 路由、历史引用保留","M9-US-08;TAG-01","API_DB_ASSERTION"
"AT-TAG-002","P0_HIGH","DASHBOARD","SERVICE_PLAYER_TAGS","服务与陪玩只使用受控标签","FX-SERVICE-ACTIVE-V2;FX-STAFF-L3","GIVEN 标签库同时包含启用、停用和不同类型标签","WHEN 新建服务项目、批准陪玩或编辑已批准陪玩的支持范围","THEN 游戏、服务和语言以复选方式多选并回显既有选择；Dashboard 仅显示适用的启用选项；API 重验稳定 ID、类型与启用状态并以完整集合更新","M9-US-08;TAG-01","DASHBOARD_API"
"AT-TAG-003","P0_HIGH","DASHBOARD","GIFT_CATEGORY","礼物版本选择预定义分类","FX-GIFT-1999;FX-STAFF-L3","GIVEN 已启用礼物分类、现有礼物版本且员工近期 step-up 已过期","WHEN 创建礼物或编辑、启停现有礼物","THEN 不要求 MFA step-up；编辑表单回填当前名称、分类、价格、模板和状态；必须选择 GIFT_CATEGORY ID并创建替代版本；停用分类不能用于新版本","M9-US-08;TAG-01","DASHBOARD_API"
"AT-TAG-004","P0_HIGH","REGRESSION","HISTORY","停用标签不回写历史","FX-SERVICE-ACTIVE-V2;FX-GIFT-1999;FX-PLAYER-ACTIVE-AVAILABLE","GIVEN 历史对象已引用标签","WHEN 管理员停用标签","THEN 历史订单、服务版本、礼物版本和陪玩技能仍可读；仅阻止新引用","M9-US-08;TAG-01","API_DB_ASSERTION"
"AT-COMP-001","P0_HIGH","DASHBOARD_API_DB","PLAYER_COMPENSATION","个人项目分成优先并可编辑","FX-SERVICE-ACTIVE-V2;FX-PLAYER-ACTIVE-AVAILABLE;FX-STAFF-L3","GIVEN 项目默认分成为60%且陪玩没有覆盖","WHEN 运营打开陪玩项目分成、在可见项目列表编辑多个项目并点击提交","THEN 输入即时缓存为窗口草稿；确认窗口汇总全部项目的原分成、新分成与修改方式，只有点击确认并保存全部才调用原子批量 API；取消不写入，任一冲突或校验失败则整批不写入。列表不使用项目下拉框；客户单位价格20时陪玩每单位收益为12","M9-US-10;EAR-01","DASHBOARD_API_DB_ASSERTION"
"AT-COMP-002","P0_BLOCKER","API_DB","EARNING_SNAPSHOT","客户终选固化陪玩收益","FX-ORDER-PENDING-DISPATCH;FX-PLAYER-ELIGIBLE;FX-SERVICE-ACTIVE-V2","GIVEN 订单已固化客户价格与默认分成且入选陪玩存在个人规则","WHEN 客户原子终选后运营修改个人规则","THEN 订单参与明细的单位收益和总收益使用终选时个人规则并保持不变；收益不得超过客户价格","M9-US-10;M11-US-02;EAR-01","API_DB_INTEGRATION"
"AT-ARC-001","P0_HIGH","DASHBOARD_API","CATALOG_ARCHIVE","服务项目可归档删除且保留历史","FX-SERVICE-ACTIVE-V2;FX-ORDER-IN-SERVICE;FX-STAFF-L3","GIVEN 活动服务项目已被历史订单引用","WHEN 运营点击删除、确认原因并提交","THEN 服务项目归档且活动版本退役，不再出现在客户与后台默认目录；历史订单及价格收益快照不变，无 DELETE 路由","M9-US-11;CAT-03","DASHBOARD_API_DB"
"AT-ARC-002","P0_HIGH","DASHBOARD_API","GIFT_ARCHIVE","礼物可归档删除且保留历史","FX-GIFT-1999;FX-GIFT-REQUEST-1999;FX-STAFF-L3","GIVEN 礼物已被历史礼物请求引用","WHEN 运营点击删除、确认原因并提交","THEN 礼物实体归档且活动版本退役，不再出现在客户与后台默认目录；历史请求和金额快照不变，无 DELETE 路由","M9-US-11;CAT-03","DASHBOARD_API_DB"
"AT-DSP-011","P0_BLOCKER","API_WORKER","SELECTION_POOL_START","客户开始真实候选池招募","FX-ORDER-DRAFT-A;FX-PLAYER-ELIGIBLE","GIVEN 客户余额充足且订单已提交","WHEN 客户点击开始招募","THEN 原订单保持唯一预留；API 创建无截止时间的 COLLECTING 候选池且不创建定时关闭任务，Worker 发布可报名卡片","M9-US-13;M11-US-05;ORD-03","API_DB_WORKER"
"AT-DSP-012","P0_HIGH","WORKER_RECOVERY","SELECTION_POOL_LEGACY_CLOSE","旧截止任务不得结束当前招募","FX-ORDER-PENDING-DISPATCH;FX-RESERVATION-ORDER-PENDING","GIVEN 迁移前遗留的候选池截止任务到期","WHEN Worker 执行、重试或重启恢复该旧任务","THEN 任务安全完成或失效但候选池保持 COLLECTING，订单与原资金预留不变；系统不创建下一轮","M9-US-13;M11-US-05;FUND-02","WORKER_DB_INTEGRATION"
"AT-DSP-013","P0_HIGH","API","SELECTION_APPLICATION_VIEW","客户可恢复查看完整报名池","FX-ORDER-PENDING-DISPATCH;FX-PLAYER-POOL","GIVEN 当前订单候选池含多名有效报名者","WHEN 客户刷新或 Bot 重启后读取报名列表","THEN API 按订单所有权返回稳定分页的报名者公开资料与 requirementId；不返回内部排名或审核原因；旧优先陪玩入口不存在","M9-US-14;M11-US-02;ORD-03","API_DB_UNIT"
"AT-DSP-014","P0_BLOCKER","API_DB","CUSTOMER_FINAL_SELECTION","客户选择而非系统自动决定入选者","FX-ORDER-PENDING-DISPATCH;FX-PLAYER-POOL","GIVEN 候选池有普通报名者且不存在优先独占轮次","WHEN 客户提交多个入选者","THEN API 原子复核并创建正式参与明细；不按报名先后自动选择、不自动回退；任一人冲突时整次零写入且不重复资金预留","M9-US-14;M11-US-02;ORD-03","API_DB_TRANSACTION"
"AT-DSP-015","P0_BLOCKER","WORKER","SELECTION_MANUAL_GATE","客户手动控制本轮招募","FX-ORDER-PENDING-DISPATCH;FX-RESERVATION-ORDER-PENDING","GIVEN 客户创建无时限候选池","WHEN 时间流逝或客户手动终止本轮","THEN 时间流逝不改变状态；仅客户终止把当前池迁移到 SELECTION，且不取消订单或释放预留；旧 auto_dispatch_enabled 与旧截止任务不再决定业务流程","M9-US-15;M11-US-05;ORD-03","WORKER_DB_INTEGRATION"
"AT-DSP-016","P0_HIGH","BOT_API","CUSTOMER_STOPPED","客户可手动终止候选池","FX-ORDER-PENDING-DISPATCH;FX-USER-CUSTOMER-A","GIVEN 候选池仍为 COLLECTING","WHEN 订单所有者终止招募或其他用户尝试终止","THEN API 不接收客户端关闭原因；所有者请求幂等进入 SELECTION 并记录 CUSTOMER_STOPPED；其他用户被拒绝；不创建新预留、不自动选择陪玩并写入审计事件","M9-US-15;M11-US-05;AUD-02","BOT_API_DB"
"AT-DSP-017","P0_HIGH","WORKER_DISCORD","STAFF_SELECTION_NOTICE","选秀开始通知客服而不由客服派单","FX-ORDER-PENDING-DISPATCH;FX-STAFF-L2;FX-PLAYER-POOL","GIVEN 客户候选池进入 SELECTION","WHEN Worker 同步客服频道","THEN 只发送一次包含订单、候选数和语音链接的任务通知；客服可加入协助但没有代替客户自动终选动作","M9-US-16;M11-US-03;ORD-03","WORKER_DISCORD_RECOVERY"
"AT-DSP-018","P0_HIGH","API_SECURITY","STAFF_SELECTION_RBAC","Discord 客服 Role 不扩大业务 API 权限","FX-ORDER-PENDING-DISPATCH;FX-STAFF-L1;FX-STAFF-L2","GIVEN 选秀订单与客服语音权限存在","WHEN L1 或 L2 进入语音并尝试客户终选接口","THEN Discord Role 仅提供频道访问；API 仍按可信 Actor Context 与订单所有权拒绝代选；访问与通知可审计","M9-US-16;M11-US-03;AUD-02","API_RBAC"
"AT-DSP-019","P0_HIGH","WORKER_DISCORD","SELECTION_VOICE_COORDINATION","选秀开始创建不限人数私密语音房","FX-SELECTION-POOL-WITH-NINE-APPLICATIONS;FX-STAFF-L1;FX-STAFF-L2","GIVEN 候选池进入 SELECTION 且包含全部有效报名者","WHEN Worker 消费选秀频道同步任务","THEN 创建或恢复一个 user_limit=0 的订单语音频道并写入 voice_channel_id；客户、全部有效报名者及配置的 L1-L4 Role 可见可连接，客服 Role 可管理","M9-US-17;M11-US-03;ORD-03","WORKER_DISCORD_DB"
"AT-DSP-020","P0_HIGH","WORKER_DISCORD","SELECTION_PARTY_NOTIFICATIONS","选秀开始通知客户与客服并在终选后切换正式服务房","FX-SELECTION-POOL-WITH-NINE-APPLICATIONS;FX-STAFF-L2","GIVEN 私密选秀语音房已创建或恢复","WHEN Worker 完成选秀开始与最终结果同步","THEN 终选后创建仅客户、入选陪玩和客服可见的 Service 房，先移动客户再移动入选陪玩；客户 Ticket 提供服务房链接，客服协调卡同时保留选秀协调入口和服务房入口；未入选者收到本人结果并被撤销权限；Outbox 重试和 Worker 重启不重复消息","M9-US-17;M11-US-03;AUD-02","WORKER_DISCORD"
"AT-PRJ-001","P0_BLOCKER","API_DB_WORKER","ORDER_PANEL_TRANSACTIONAL_SYNC","订单事实和面板同步原子提交","FX-ORDER-PENDING-DISPATCH;FX-ORDER-IN-SERVICE","GIVEN 任一生产事务改变订单状态、版本、自动化状态或陪玩归属","WHEN 事务成功提交或回滚","THEN 成功时同事务存在唯一幂等 PANEL_SYNC，失败时订单事实与任务均不写入；Worker 重试后原消息收敛到数据库最新版本","M9-US-18;ORD-03;AUD-02","API_DB_WORKER_INTEGRATION"
"AT-PRJ-002","P0_HIGH","WORKER_DISCORD","ORDER_PANEL_STALE_CONTENT_REMOVAL","同步不残留旧卡片和失效按钮","FX-ORDER-PENDING-DISPATCH;FX-ORDER-COMPLETED-10000;FX-DISCORD-PANEL-DELETED","GIVEN Discord 原消息为 Components V2 或含旧版本组件，且订单可包含多个独立陪玩席位","WHEN Worker 执行 PANEL_SYNC","THEN PATCH 使用 IsComponentsV2 与 V2 Container/Text Display，不混入 legacy content/embed；显示当前状态、版本和已到位/总席位，为所有 ACTIVE 陪玩同步频道权限；待派订单保留刷新、取消、客服入口，终态不显示提交或完成按钮","M9-US-18;AT-REC-003","WORKER_DISCORD_RECOVERY"
"AT-TRN-003","P0_BLOCKER","API_DB_WORKER_DISCORD","TERMINAL_CHANNEL_CLEANUP","终态订单完整回填后才删除相关频道","FX-ORDER-COMPLETED-10000;FX-ORDER-CANCELLED;FX-DISCORD-ORDER-CHANNEL","GIVEN 订单进入 COMPLETED 或 CANCELLED 且到达 0–60 分钟配置保留期（默认 60）","WHEN CHANNEL_ARCHIVE Worker 处理订单文字频道","THEN 先锁定文字频道为只读，再分页读取并将每条仍可见消息以稳定 CREATED 事件幂等追加 transcript；任一读取或落库失败时不删除频道；全部成功后先删除选秀与服务语音频道，最后删除文字频道；Discord 404 和任务重试收敛","M9-US-12;M9-US-19;ORD-03;AUD-02","API_DB_WORKER_DISCORD_RECOVERY"
"AT-TRN-004","P0_HIGH","WORKER_DB","TERMINAL_CHANNEL_RECONCILIATION","周期扫描恢复漏建任务和历史僵尸频道","FX-ORDER-COMPLETED-10000;FX-ORDER-CANCELLED","GIVEN 终态订单仍保存文字或语音频道 ID 且没有待处理或已完成 CHANNEL_ARCHIVE","WHEN Worker 启动或周期扫描到已过保留期订单","THEN 按订单版本只补建一条幂等清理任务；非终态、未到期和已存在任务均不重复入队；失败任务保留供获授权入口重试","M9-US-19;AUD-02","WORKER_DB_RECOVERY"
"AT-MULTI-001","P0_BLOCKER","DASHBOARD_API_DB","ORDER_PARTICIPANTS","订单支持不限数量且项目不同的陪玩并显示分成来源","FX-ORDER-ACCEPTED-A;FX-STAFF-L1;FX-STAFF-L2;FX-NINE-ELIGIBLE-PLAYERS","GIVEN L1 已认领该订单任务或 L2 处于同 Guild，九名陪玩分别绑定技术陪玩或娱乐陪玩项目，项目默认分成 60% 且部分陪玩有个人覆盖","WHEN 客服逐项添加九名陪玩并分页查看","THEN 九条有效明细均存在且分别显示服务目录版本、游戏/服务/地区快照、计费数量、逐人价格、分成规则、来源和预计收益；无个人规则者标记项目默认；不存在四人或其他业务人数上限","M10-US-03;ORD-04;EAR-02","DASHBOARD_API_DB"
"AT-MULTI-002","P0_BLOCKER","API_DB","DERIVED_TOTAL_RESERVATION","逐人改价派生总价并原子重平衡预留","FX-ORDER-IN-SERVICE;FX-CAT-WALLET;FX-STAFF-L1","GIVEN 未捕获订单有多条有效陪玩明细及活动预留","WHEN 客服新增、移除或修改一条明细价格","THEN API 以有效明细价格之和更新订单总价并追加增加或释放预留事件；请求体无总价写入字段；余额不足或版本冲突时订单、明细和预留全部不变","M10-US-03;M10-US-04;FUND-06","API_DB_CONCURRENCY"
"AT-MULTI-003","P0_BLOCKER","API_BOT","ALL_PLAYER_READINESS","客户无需就绪且所有有效陪玩均需就绪","FX-ORDER-ACCEPTED-A;FX-NINE-ELIGIBLE-PLAYERS","GIVEN 订单有九名有效陪玩且客户没有 readiness 动作","WHEN 陪玩分别提交本人就绪","THEN 前八人就绪不开始服务，第九人就绪后才进入 IN_SERVICE；服务中新增陪玩不倒退状态但其未就绪时禁止最终捕获","M10-US-04;READY-02","API_BOT_STATE_MACHINE"
"AT-MULTI-004","P0_BLOCKER","API_DB","MULTI_PLAYER_CAPTURE","确认完成生成逐人收益并锁定明细","FX-ORDER-PENDING-CONFIRMATION;FX-NINE-READY-PLAYERS;FX-RESERVATION-ORDER-ACTIVE","GIVEN 客户看到最新逐人价格、分成来源和派生总价且全部有效陪玩已就绪","WHEN 客户确认完成并捕获订单预留","THEN 捕获金额等于最新派生总价并为九名陪玩各创建一条按其快照计算的收益；之后任何增删改价请求均被拒绝且历史事实不变","M10-US-04;EAR-02;FUND-06","API_DB_TRANSACTION"
"AT-MULTI-005","P0_BLOCKER","BOT_API_DB","MULTI_RECIPIENT_GIFT","礼物按多选订单陪玩人数原子计价","FX-ORDER-IN-SERVICE;FX-GIFT-1999;FX-NINE-READY-PLAYERS","GIVEN 客户从可分页订单陪玩列表选择九条有效 participantId","WHEN 提交一次送礼请求","THEN API 去重并从订单明细推导九名接收人，原子预留礼物单价乘九并创建九条独立礼物事实；不接受 receiverId；任一明细失效、余额不足或版本冲突时零写入","M10-US-05;GIFT-02;FUND-06","BOT_API_DB_CONCURRENCY"
"AT-MULTI-006","P0_BLOCKER","BOT_API_DB","MULTI_PROJECT_REQUIREMENTS","Discord 草稿支持多个独立项目需求","FX-USER-CUSTOMER-A;FX-CAT-WALLET;FX-NINE-SERVICE-PROJECTS","GIVEN 客户有本人 DRAFT 即时订单和九个有效服务项目","WHEN 在 Discord 逐条添加不同项目、计费数量和所需人数并分页修改或移除","THEN OrderRequirement 与实际陪玩身份分离并固化目录快照；服务端派生各行及总报价；空清单、失效目录、陈旧版本和客户端金额字段均被拒绝且可恢复","M10-US-07;ORD-04;FUND-06","BOT_API_DB"
"AT-MULTI-007","P0_BLOCKER","API_DB","REQUIREMENT_SLOT_SELECTION","陪玩按项目需求报名且客户原子终选","FX-ORDER-PENDING-DISPATCH;FX-NINE-ELIGIBLE-PLAYERS","GIVEN 已提交订单含技术陪玩一位和娱乐陪玩两位等独立需求名额","WHEN 合格陪玩分别或并发报名指定 requirementId，随后客户选择满足各名额的人选","THEN 报名阶段可多人进入同一需求候选池且不生成参与明细；终选事务按需求容量原子创建参与明细与个人分成快照；部分选满保留已选人且全部名额填满前不进入 ACCEPTED","M10-US-07;M11-US-02;ORD-04;DISP-01","API_DB_TRANSACTION_CONCURRENCY"
"AT-MULTI-008","P0_BLOCKER","BOT_API_DB","SERVICE_PACKAGE_ATOMIC_EXPANSION","套餐原子展开为独立可编辑席位","FX-ORDER-DRAFT-A;FX-PACKAGE-DELTA-ESCORT;FX-TECH-CATALOG-A","GIVEN 三角洲护航启用套餐版本含两个技术陪玩默认槽位且客户有本人草稿","WHEN 客户预览并应用套餐","THEN API 在单事务移除旧需求并生成两条 requestedPlayerCount=1 且关联不同 sourcePackageSlotId 的需求；订单记录 PACKAGE_DEFAULT 和套餐版本；报价由 API 派生，任一目录失效或并发冲突时零变更","M10-US-08;ORD-04;FUND-06","BOT_API_DB_TRANSACTION"
"AT-MULTI-009","P0_BLOCKER","BOT_API_DB","SERVICE_PACKAGE_CUSTOMIZATION","单独修改套餐席位并重新报价","FX-ORDER-PACKAGE-DEFAULT;FX-FUN-CATALOG-A","GIVEN 三角洲护航草稿含两个独立技术陪玩席位并显示默认套餐价","WHEN 客户把第二席位改为娱乐陪玩并填写技术要求不高且会聊天","THEN 第一席位保持不变，第二席位使用娱乐项目快照，订单切换 CUSTOMIZED，API 按最终有效需求重新报价；刷新或 Bot 重启后构成、来源和备注可恢复","M10-US-08;ORD-04;AUD-02","BOT_API_DB_RECOVERY"
"AT-MULTI-010","P0_BLOCKER","DASHBOARD_API_DB","PARTICIPANT_REASSIGNMENT","客服只改派多陪玩订单的一个席位","FX-ORDER-TWO-ACTIVE-PLAYERS;FX-STAFF-L1;FX-STAFF-L2;FX-ELIGIBLE-REPLACEMENT","GIVEN 未捕获订单有技术位 A 与娱乐位 B，A 已就绪后临时离开","WHEN 客服在 A 的 participantId 上选择合格陪玩 C 并提交 REASSIGN","THEN A 席位原子替换为 C 且 participantId、需求、项目、数量和客户价格不变；C 未就绪并按自身规则重算分成；B、订单总价及原预留不变；事件与审计只追加一次","M10-US-03;ORD-04;FUND-06;EAR-02","DASHBOARD_API_DB_TRANSACTION"
"AT-MULTI-014","P0_BLOCKER","DASHBOARD_API_DB","SERVICE_PACKAGE_VERSION_ADMIN","运营端原子管理不可变套餐版本","FX-L3-STAFF;FX-TECH-CATALOG-A;FX-FUN-CATALOG-A","GIVEN L3 员工在 Dashboard 配置三角洲护航两个有序席位且套餐总价按目录单价和单位数只读显示","WHEN 创建并发布新套餐版本后再退役","THEN Dashboard 不提交套餐总价；API 服务端派生并固化具体套餐总价、分配版本号并在单事务写套餐版本、全部席位和审计；发布原子退役旧启用版本；Bot 只读取新启用版本；退役后历史订单仍可解析来源；目录失效、并发或审计失败时零写入","M10-US-08;AUD-02;ORD-04","DASHBOARD_API_DB_TRANSACTION_UAT"
"AT-MULTI-011","P0_BLOCKER","BOT_API","GAME_SCOPED_ORDERING_MENU","先选游戏后只展示同游戏菜单并可填需求备注","FX-ORDER-DRAFT-A;FX-NINE-SERVICE-PROJECTS;FX-PACKAGE-DELTA-ESCORT","GIVEN 客户草稿且英雄联盟与瓦洛兰特均有启用服务和套餐","WHEN 客户在 Discord 选择英雄联盟、打开今日菜单并通过按钮 Modal 填写整单需求备注","THEN API 过滤并由 Bot 仅展示英雄联盟套餐和单点项目，不得出现瓦洛兰特项目；备注按期望版本保存后返回原游戏菜单并显示内容，与逐席位偏好分开；陈旧版本不覆盖；刷新或 Bot 重启仍可恢复所选游戏和备注","M10-US-09;ORD-04;AUD-02","BOT_API_RECOVERY_UAT"
"AT-MULTI-012","P0_BLOCKER","DASHBOARD_API_DB","SINGLE_GAME_PACKAGE_ADMIN","套餐只能包含同一游戏席位","FX-L3-STAFF;FX-TECH-CATALOG-A;FX-FUN-CATALOG-A;FX-NINE-SERVICE-PROJECTS","GIVEN L3 员工创建套餐并选择多个启用目录版本","WHEN 全部席位同游戏时保存以及混入另一游戏时再次保存","THEN 同游戏套餐由 API 派生并固化稳定 gameCode 和 gameName；混合游戏或新版本改变稳定套餐游戏时整次拒绝且套餐、版本、席位和审计零写入","M10-US-09;AUD-02;ORD-04","DASHBOARD_API_DB_TRANSACTION"
"AT-MULTI-013","P0_BLOCKER","BOT_API_DB","SAME_GAME_PACKAGE_CUSTOMIZATION","套餐仅可同游戏换项且订单可新增另一游戏","FX-ORDER-PACKAGE-DEFAULT;FX-FUN-CATALOG-A;FX-NINE-SERVICE-PROJECTS","GIVEN 客户已应用英雄联盟默认套餐并看到套餐价","WHEN 将套餐席位换成同游戏娱乐项目、从瓦洛兰特菜单新增独立单点需求以及尝试把既有英雄联盟席位直接换成瓦洛兰特项目","THEN 同游戏换项与另一游戏独立新增成功并切换 CUSTOMIZED、套餐调价归零、总价由全部有效目录行派生；跨游戏改写既有席位原子拒绝且订单版本、需求和资金事实不变；草稿不提前指定实际陪玩","M10-US-09;ORD-04;FUND-06","BOT_API_DB_TRANSACTION_RECOVERY"
"AT-SEL-001","P0_BLOCKER","BOT_API_DB_WORKER","SELECTION_POOL_MANUAL_RECRUITMENT","客户开始并手动终止无时限招募","FX-ORDER-PENDING-DISPATCH;FX-RESERVATION-ORDER-PENDING","GIVEN 客户订单已提交且只有一笔有效订单预留","WHEN 客户通过 Bot 点击开始招募、等待任意时长并重复点击终止招募","THEN API 不接收等待分钟数且新池无 closesAt；时间流逝不迁移状态；仅客户终止请求把本轮迁移一次到 SELECTION；订单仍为 PENDING_DISPATCH 且原预留不变；零报名不自动开新轮","M11-US-05;FUND-06","BOT_API_DB_MANUAL_CONTROLLED"
"AT-SEL-002","P0_BLOCKER","API_DB","MULTI_ORDER_APPLICATION","陪玩可跨多个订单报名且不受在线/可接单状态门禁","FX-TWO-ORDERS-COLLECTING;FX-PLAYER-ACTIVE-MATCHED","GIVEN 已审批 ACTIVE 且标签匹配的陪玩 Discord presence 为 OFFLINE、旧 availability 为 BUSY并可能已有其他报名","WHEN 对两个候选池分别报名并在其中一个由客户终止招募前撤回","THEN ONLINE、AVAILABLE 和无其他报名均不是门禁；报名只追加 SelectionApplication，不创建 OrderParticipant、不占活动订单槽、不改变订单预留；撤回仅影响本人本轮报名","M11-US-05;M11-US-02;SEL-01","API_DB_CONCURRENCY"
"AT-SEL-003","P0_BLOCKER","WORKER_DISCORD","SELECTION_VOICE_AND_STAFF_NOTICE","选秀开始开放不限人数语音并通知客服","FX-SELECTION-POOL-WITH-NINE-APPLICATIONS;FX-STAFF-L1-L4","GIVEN 招募中含九名有效报名者且订单配置了客服频道和 Role","WHEN 客户手动终止招募后 Worker 同步选秀阶段","THEN 派单频道原报名卡原位更新为招募已终止且移除报名组件；创建或恢复 user_limit=0 的订单选秀语音房；客户、九名报名者和客服 Role 可见可进入；客服频道只发送一次包含订单、客户、候选数和语音链接的通知；选秀无截止 Job且不开始计费","M11-US-03;M11-US-05;AUD-02","WORKER_DISCORD_RECOVERY_UAT"
"AT-SEL-004","P0_BLOCKER","API_DB_CONCURRENCY","ATOMIC_PARTICIPANT_SELECTION","客户原子确认多个正式陪玩","FX-SELECTION-POOL-WITH-NINE-APPLICATIONS;FX-ORDER-MULTI-REQUIREMENTS","GIVEN 客户为多个仍空缺需求勾选一组报名者且其中可能有人同时被另一订单选择","WHEN 并发提交 finalizeOrderSelectionPool","THEN API 锁定订单、候选池、需求和陪玩活动槽并重验资格；任一人失效或容量冲突整次零写入；成功只创建一次逐人 OrderParticipant/分成快照并使其他活动池报名失效；全部席位填满才 ACCEPTED","M11-US-02;ORD-04;EAR-02","API_DB_TRANSACTION_CONCURRENCY"
"AT-SEL-005","P0_BLOCKER","BOT_API_DB","PARTIAL_EMPTY_AND_REJECTED_SELECTION","零报名、候选不满意与部分入选由客户决定下一步","FX-SELECTION-POOL-EMPTY;FX-SELECTION-POOL-WITH-ONE-APPLICATION;FX-SELECTION-POOL-PARTIAL;FX-RESERVATION-ORDER-PENDING","GIVEN 一轮零报名、仅有一名候选、客户对本轮全部候选不满意或只为部分需求确认了正式陪玩","WHEN 客户从确认页返回重选，或显式选择重新开始招募、取消或为剩余席位创建新一轮","THEN 返回后候选组件重置且单候选仍可再次选择；任何情况都不自动续轮；主动重新招募按旧池版本原子将旧报名记为未入选并创建无截止时间的新池且不重复预留；取消原子释放原预留；部分入选者与其价格快照保留，新池只覆盖剩余席位，未填满前仍 PENDING_DISPATCH","M11-US-05;M11-US-03;FUND-06;ORD-04","BOT_API_DB_TRANSACTION"
"AT-SEL-007","P0_BLOCKER","BOT_API_DB_WORKER","REALTIME_APPLICANT_MENTIONS","报名名单以 Discord mention 实时原位更新且不通知","FX-ORDER-PENDING-DISPATCH;FX-SELECTION-POOL-COLLECTING;FX-PLAYER-ELIGIBLE","GIVEN 客户订单 Embed 已存在且候选池正在招募","WHEN 多名陪玩依次报名并有人撤回","THEN 每次提交后业务事务写入稳定 PANEL_SYNC；Worker 原位编辑同一订单 Embed，按当前有效报名事实列出每位陪玩的 <@discordUserId>，撤回者消失且不只显示人数；allowed_mentions.parse 为空，不重复 ping 陪玩","M11-US-05;PL-03;AUD-02","BOT_API_DB_WORKER_DISCORD"
"AT-SEL-008","P0_BLOCKER","BOT_API_DB_WORKER","SELECTION_REACTION_SIGNUP","单卡数字 Reaction 报名、撤回与重启收敛","FX-SELECTION-POOL-WITH-NINE-REQUIREMENTS;FX-PLAYER-ACTIVE-MATCHED;FX-DISCORD-RETRY","GIVEN 活动候选池含一至九个可报名需求，Worker 已持久化单张派单消息与 1️⃣–9️⃣ 的稳定需求映射","WHEN 陪玩添加某个数字 Reaction、移除该 Reaction、重复事件或 Bot 在事件遗漏后重启对账","THEN API 只按服务端保存的消息与数字映射重验并幂等创建、恢复或撤回对应需求报名；数据库保持业务事实来源并触发客户 mention 名单同步；不支持的 Reaction 无业务写入；超过九个需求时开始招募零写入且不拆分、不截断、不发布部分卡片；公开 Reaction 身份按派单频道可见范围展示","M11-US-06;SEL-01;SEL-02;AUD-02;OPS-01","BOT_API_DB_WORKER_DISCORD_RECOVERY_UAT"
"AT-SEL-009","P0_HIGH","WORKER_DISCORD","SELECTION_DISPATCH_STATUS_IMAGES","派单状态图顺序、取消语义与重启幂等","FX-SELECTION-POOL-COLLECTING;FX-ORDER-CANCELLED;FX-DISCORD-RETRY","GIVEN 新订单首次创建候选池且派单频道可发送附件","WHEN Worker 首次同步招募、重试或重启，客户随后可能终止招募或真正取消整单","THEN 首次招募严格先发送黑猫主题“正在派单”图片再发送未改动的报名 Embed；同订单后续轮次、重试和重启不重复派单图；仅订单进入 CANCELLED 后幂等追加“本单流单”图片，终止招募进入 SELECTION 不发送流单图；图片失败不改变业务状态且由 Outbox 重试","M11-US-06;SEL-01;OPS-01","WORKER_DISCORD_RECOVERY_UAT"
"AT-SEL-006","P0_BLOCKER","BOT_WORKER_DISCORD","SELECTION_RESULT_PERMISSION_CONVERGENCE","选秀结果通知、正式房切换与旧房清理","FX-SELECTION-POOL-WITH-NINE-APPLICATIONS;FX-DISCORD-RETRY","GIVEN 客户最终选择三名陪玩且六名未入选者已进入语音房","WHEN finalize 事务提交且 Worker 遇到可重试 Discord 失败后恢复","THEN Worker 创建或恢复 Service 房并先移动客户、再移动三名入选陪玩；六名未入选者看到本轮结束和入选公开昵称但无评分排名，最终被撤销权限并移出语音；旧 Selection 房禁止重新进入且最后一人退出后自动删除；业务选择不因 Discord 失败回滚；Outbox 重启后不重复通知，超过阈值创建唯一客服任务","M11-US-03;AUD-02;OPS-01","BOT_WORKER_DISCORD_RECOVERY_UAT"
"AT-DTL-001","P0_HIGH","DASHBOARD_API","ADMIN_DETAIL_PROJECTIONS","六类业务卡片详情返回足量服务端事实","FX-STAFF-L1;FX-STAFF-L2;FX-USER-CUSTOMER-A;FX-PLAYER-ACTIVE;FX-SERVICE-ACTIVE-V2;FX-PACKAGE-DELTA-ESCORT;FX-GIFT-CATALOG;FX-GIFT-REQUEST","GIVEN 员工具备对象对应 read 权限并打开用户、陪玩、服务目录、服务套餐、礼物目录或礼物请求卡片","WHEN Dashboard 调用各自详情接口","THEN 用户和陪玩返回身份、真实状态、可读标签和版本时间；服务与礼物目录及套餐返回完整不可变版本、价格、状态和审计元数据；套餐包含有序席位；礼物请求包含订单、双方身份、预留、审核、批准、捕获和播报时间线；客户端不以列表快照、默认值或字段猜测补事实且不返回预留幂等键","M4-US-03;OPS-02;TAG-01;ORD-04;FUND-06","DASHBOARD_API_COMPONENT"
"AT-SUP-010","P0_HIGH","DASHBOARD_API_DB","SUPPORT_SHIFT","客服打卡只记录班次事实","FX-STAFF-L1;FX-STAFF-L2","GIVEN ACTIVE 的 L1/L2 客服打开工作台","WHEN 幂等点击上班和下班，且下班时存在或不存在本人 CLAIMED 订单级任务","THEN 同一 Guild 最多一个活动班次；打卡不改变查看、认领或首响权限；有未结任务时下班被拒绝；L3/L4 无打卡动作","M12-US-02;SUP-10","DASHBOARD_API_DB"
"AT-SUP-011","P0_BLOCKER","API_WORKER_DISCORD","SUPPORT_FIRST_RESPONSE","转人工任务在5分钟内获得真实员工首响并安全自动认领","FX-ORDER-IN-SERVICE;FX-STAFF-L1;FX-STAFF-L4","GIVEN 现行多陪玩订单存在需对客回复的订单级 StaffTask","WHEN 4分钟与5分钟任务执行，任意等级 ACTIVE 员工在订单频道发送真实首响，或出现 Bot、空消息、附件消息、编辑与并发回复","THEN 4分钟未回复提醒；5分钟未回复标记 OVERDUE；真实员工非空消息或附件按 Discord 创建时间结束计时；订单无负责人时自动认领最早 OPEN 任务；已有负责人不被覆盖；L1-L4 均可触发且不要求打卡、不自动处罚","M12-US-03;SUP-10;AUD-02","API_WORKER_DISCORD"
"AT-SUP-012","P0_HIGH","BOT_API_DB","SUPPORT_RATING","多陪玩订单完单后评分不阻塞资金闭环","FX-ORDER-COMPLETED-10000;FX-STAFF-L1","GIVEN 订单已完成、多位陪玩收益已生成且存在真实客服首响","WHEN 客户在24小时内提交一次1-5分评价","THEN 完单、资金捕获和逐人收益不受评分失败影响；评价只写一次；1-2分必须选择五个受控原因之一，OTHER 必须有文字；无首响或过期拒绝","M12-US-04;SUP-10;FUND-06","BOT_API_DB"
"AT-SUP-013","P0_MEDIUM","DASHBOARD_API","SUPPORT_SUMMARY","主管查看最近30天简单运营事实","FX-STAFF-L1;FX-STAFF-L2","GIVEN 同 Guild 存在班次、订单级 StaffTask 首响和评分事实","WHEN 员工打开客服简单列表","THEN L1只见本人，L2+按 scope 查看当前班次、时长、处理数、超时数、评分数和平均分；未认领超时单列；无CSV、transcript正文、客户敏感内容或参与人私密事实","M12-US-02;SUP-10","DASHBOARD_API"
"AT-LST-001","P0_HIGH","API_CONTRACT","COLLECTION_SORT_WHITELIST","七类列表只接受资源排序白名单与明确默认值","FX-STAFF-L1-L4;FX-M13-SEVEN-COLLECTIONS","GIVEN 七类列表均有多条可见记录","WHEN 省略排序、提交每个白名单组合以及未知字段或方向","THEN 默认按 createdAt desc 与唯一 ID 稳定排序；合法组合成功；未知或跨资源字段返回 400 VALIDATION_ERROR且不解释为 SQL 列名","M13-US-01;M13-US-02;LST-01","API_CONTRACT_AUTO"
"AT-LST-002","P0_BLOCKER","API_DB","STABLE_KEYSET_SORT","相同排序键下跨页稳定且不重复","FX-M13-DUPLICATE-SORT-VALUES;FX-M13-THREE-PAGES","GIVEN 多条记录具有相同名称、金额、版本或时间并跨越至少三页","WHEN 按每种白名单字段升降序连续翻页且翻页间发生并发新增","THEN API 使用主排序值加唯一 ID 的稳定 keyset；已翻过记录不重复，页面内和跨页顺序一致，空值始终 NULLS LAST","M13-US-02;LST-01","API_DB_CONCURRENCY"
"AT-LST-003","P0_BLOCKER","API_SECURITY","CURSOR_QUERY_BINDING","游标绑定排序、筛选、Guild 与 scope","FX-TWO-GUILDS;FX-STAFF-L1-L4;FX-M13-CURSOR","GIVEN 已取得某资源、筛选、排序、Actor Guild 与 scope 的签名游标","WHEN 篡改游标或把它用于另一资源、排序、筛选、Guild、scope 或方向","THEN API 返回 400 且不泄露记录、游标内容或其他 Guild 存在性；合法原查询可继续翻页","M13-US-01;M13-US-02;LST-01;ACCESS-02","API_SECURITY_AUTO"
"AT-LST-004","P0_HIGH","DASHBOARD_COMPONENT","CARD_TABLE_PARITY","卡片与表格使用相同集合事实和动作","FX-M13-SEVEN-COLLECTIONS;FX-STAFF-L1-L4","GIVEN 七类页面分别加载同一筛选排序结果","WHEN 在 CARD 与 TABLE 两种视图之间切换并打开详情或执行允许动作","THEN 两种视图的对象 ID、数量、可见字段等级、详情 API 与 item actions 一致；切换视图不重新请求列表 API且不丢当前 items 或详情","M13-US-01;M13-US-03;LST-01;ACCESS-02","DASHBOARD_COMPONENT_E2E"
"AT-LST-005","P0_HIGH","DASHBOARD_API","SORT_FILTER_PAGINATION_RACE","排序筛选变化重置分页且旧响应不回写","FX-M13-SLOW-FIRST-REQUEST;FX-M13-THREE-PAGES","GIVEN 员工位于后续页且前一个列表请求仍在飞行中","WHEN 改变筛选或排序并在旧请求返回前再次选择新排序","THEN 游标清空并仅以最后选择加载第一页；旧响应被忽略，不覆盖新 items、排序标签或分页状态；视图偏好保持","M13-US-03;LST-01","DASHBOARD_API_RACE_AUTO"
"AT-LST-006","P0_MEDIUM","DASHBOARD_ROUTING","COLLECTION_URL_STATE","URL 恢复筛选排序与视图且非法值安全回退","FX-M13-SEVEN-COLLECTIONS","GIVEN 页面 URL 包含 view、sortBy、sortDirection 和资源筛选","WHEN 刷新、复制打开或提供未知 view/排序值","THEN 合法 URL 恢复相同查询和视图；非法值回退资源默认值且不发出非法 API 请求；游标不作为长期书签保存","M13-US-01;M13-US-03;LST-01","DASHBOARD_ROUTING_AUTO"
"AT-LST-007","P0_MEDIUM","DASHBOARD_A11Y","RESPONSIVE_TABLE_LIST","表格在窄屏降级为可键盘操作的行式列表","FX-M13-SEVEN-COLLECTIONS","GIVEN 员工在 375px、768px 和桌面宽度使用键盘浏览集合","WHEN 切换 TABLE 并访问排序、方向、视图、详情和 item actions","THEN 桌面使用语义化表格；窄屏按同一显式列定义显示行式列表；核心字段与操作不被裁切；控件有可读名称、焦点和选中状态","M13-US-03;M13-US-04;LST-01","DASHBOARD_A11Y_BROWSER"
"AT-LST-008","P0_BLOCKER","DASHBOARD_API_SECURITY","COLLECTION_ACCESS_PARITY","两种视图与所有排序保持 L1-L4 scope、脱敏和跨 Guild 隔离","FX-TWO-GUILDS;FX-STAFF-L1-L4;FX-M13-SEVEN-COLLECTIONS","GIVEN L1-L4 在不同 Guild 与任务 scope 下访问七类集合","WHEN 逐一选择排序并在两种视图查看详情与动作","THEN API 先应用可信 Actor Guild、scope、权限和脱敏再排序分页；两种视图不扩大对象、敏感字段或 capability；403/404 不泄露对象","M13-US-02;M13-US-03;M13-US-04;LST-01;ACCESS-02","API_DASHBOARD_SECURITY_E2E"
"AT-SUX-001","P0_BLOCKER","DASHBOARD_E2E","QUEUE_FIRST_HIERARCHY","客服首屏优先呈现当前任务","FX-M14-MIXED-TASKS;FX-STAFF-L1-L4","GIVEN 客服有本人已认领、超时和待认领任务以及班次与汇总数据","WHEN 在常见桌面视口打开客服工作台","THEN 紧凑班次状态与任务队列标题、首项无需滚动可见；三十天报表和大型 KPI 不阻挡当前任务","M14-US-01;M14-US-03;SUP-UX-01","DASHBOARD_BROWSER_E2E"
"AT-SUX-002","P0_BLOCKER","API_DB","SERVER_TRIAGE_ORDER","服务端稳定生成客服分诊顺序","FX-M14-MIXED-TASKS;FX-M14-THREE-PAGES","GIVEN 可见任务包含 OVERDUE、PENDING 和其他响应状态且存在相同时间","WHEN 分页调用 listStaffTasks","THEN OVERDUE 优先，PENDING 按 responseDueAt 升序，其余按 createdAt 与 ID 稳定排序；Dashboard 无需计算业务优先级","M14-US-01;M14-US-02;SUP-UX-01","API_DB_AUTO"
"AT-SUX-003","P0_BLOCKER","API_SECURITY","SAFE_DISCORD_LINKS","Discord 深链仅在可信 Guild 与频道完整时返回","FX-M14-TASK-WITH-CHANNELS;FX-M14-TASK-MISSING-GUILD;FX-TWO-GUILDS","GIVEN 任务分别具有完整、缺 Guild、缺频道或跨 Guild 的频道事实","WHEN 员工读取任务列表与详情","THEN 仅完整且同 scope 的服务端链接非空；其余为 null；响应和 Dashboard 永不出现 /channels// 或浏览器拼接链接","M14-US-01;M14-US-02;M14-US-03;SUP-UX-01;ACCESS-02","API_DASHBOARD_SECURITY_E2E"
"AT-SUX-004","P0_BLOCKER","API_DASHBOARD_SECURITY","PRECLAIM_TASK_CONTEXT","认领前只返回最小任务分诊上下文","FX-M14-UNCLAIMED-TASK;FX-STAFF-L1-L4;FX-TWO-GUILDS","GIVEN 员工可见但尚未认领任务","WHEN 打开任务只读预览并尝试直接读取或修改完整订单","THEN 可见公开编号、展示名、项目、金额、原因、等待与下一动作；完整订单和写入仍按既有 capability 拒绝，跨 Guild 不泄露","M14-US-01;M14-US-02;M14-US-03;SUP-UX-01;ACCESS-02","API_DASHBOARD_SECURITY_E2E"
"AT-SUX-005","P0_HIGH","DASHBOARD_ROUTING","ACTIONABLE_METRIC_DRILLDOWN","概览指标进入对应受权结果","FX-M14-DASHBOARD-SUMMARY;FX-STAFF-L1-L4","GIVEN 概览存在待处理、超时与进行中计数","WHEN 逐一激活指标","THEN 进入匹配的任务或订单筛选并说明当前范围；服务端结果维持 Actor Guild/scope；刷新可恢复且客户端不重算计数","M14-US-01;M14-US-04;SUP-UX-01;ACCESS-02","DASHBOARD_ROUTING_E2E"
"AT-SUX-006","P0_HIGH","DASHBOARD_COMPONENT","HUMANIZED_ORDER_CONTEXT","订单主路径优先人类可读与可行动信息","FX-M14-ORDERS-WITH-CONTEXT","GIVEN 订单具有公开编号、客户与陪玩展示名、项目、状态、金额、时间和阻塞事实","WHEN 客服浏览卡片、表格与详情","THEN 主区展示中文状态、展示名、相对和精确时间、阻塞与下一动作；UUID、原始枚举、minor units 和审计字段保留在默认折叠技术详情","M14-US-01;M14-US-04;SUP-UX-01","DASHBOARD_COMPONENT_E2E"
"AT-SUX-007","P0_BLOCKER","DASHBOARD_A11Y_SECURITY","SUPPORT_WORKBENCH_RELEASE","客服工作台在权限与可访问性边界内完成真实任务","FX-STAFF-L1-L4;FX-M14-MIXED-TASKS","GIVEN L1-L4 在当前业务 Guild 的 375px、768px 和桌面使用键盘与真实员工数据","WHEN 完成查看队列、预览、认领、打开有效频道和查看订单下一步","THEN 焦点和读屏名称完整、关键动作不被遮挡、无越权事实、缺失链接不可激活，真实员工 UAT 可复核；Guild 隔离由 API/数据库自动化回归门禁证明","M14-US-03;M14-US-04;M14-US-05;SUP-UX-01;ACCESS-02","DASHBOARD_A11Y_SECURITY_UAT"
"AT-DOP-001","P0_BLOCKER","API_DASHBOARD_FINANCE_E2E","STANDALONE_ORDER_REFUND","客服独立处理完成后或异常结案的部分退款","FX-M15-IN-SERVICE-COMPLAINT;FX-M15-COMPLETED-ORDER;FX-STAFF-L1-L4","GIVEN 订单已完成或异常结案且存在可退捕获金额","WHEN L2+ 从订单详情输入部分退款金额、原因并重复提交同一幂等键","THEN 仅追加一笔 Refund 与对应账目变更，订单无需取消，退款不超过可退金额且时间线可审计","M15-US-02;DOP-01;WALLET-01","API_DASHBOARD_FINANCE_AUTOMATED"
"AT-DOP-002","P0_BLOCKER","API_DASHBOARD_SECURITY_E2E","READ_ONLY_ORDER_TRANSCRIPT","客服只读查看处理中订单的频道记录","FX-M15-IN-SERVICE-COMPLAINT;FX-M15-TRANSCRIPT-EVENTS;FX-TWO-GUILDS","GIVEN 已分配客服任务关联包含创建、编辑、删除、回复与附件元数据的订单频道记录","WHEN L1 读取已分配订单或 L2+ 读取同 Guild 订单记录并尝试任何消息写入","THEN 记录按稳定游标分页且删除事实明确；跨 Guild、未分配 L1 被拒绝；Dashboard 不存在发送、编辑或删除 Discord 消息能力","M15-US-03;DOP-02;ACCESS-02","API_DASHBOARD_SECURITY_AUTOMATED"
"AT-DOP-003","P0_BLOCKER","API_DASHBOARD_SECURITY_E2E","BOT_CONFIG_MANAGEMENT","员工安全校验更新并测试 Bot 配置","FX-M15-BOT-CONFIG;FX-STAFF-L3-L4","GIVEN Bot 配置具有当前版本且运营字段与安全 Role/频道字段可区分","WHEN L3 校验更新运营字段、L4 step-up 更新安全字段并执行测试投递，同时提交过期版本","THEN 合法更新生效且审计，测试结果可见，过期版本冲突，L3 无法修改安全字段且响应不含密钥","M15-US-04;DOP-03;ACCESS-02","API_DASHBOARD_SECURITY_AUTOMATED"
"AT-DOP-004","P0_BLOCKER","API_DB_DASHBOARD_FINANCE_E2E","APPEND_ONLY_WALLET_ADJUSTMENT","高级客服用冲正纠正错误账目","FX-M15-WRONG-OFFLINE-TOPUP;FX-M15-WRONG-REFUND;FX-STAFF-L3","GIVEN 同 Guild 客户存在一笔错误充值或退款账目","WHEN L3 选择原账目、输入方向金额、原因并提交 Adjustment","THEN 原账目保持不变，只追加 Adjustment，API 原子重算 canonical CAT 余额，重复幂等键不重复入账","M15-US-05;DOP-04;WALLET-01","API_DB_DASHBOARD_FINANCE_AUTOMATED"
"AT-DOP-005","P0_BLOCKER","API_DASHBOARD_DOMAIN_E2E","STAFF_CONTROLLED_PLAYER_ELIGIBILITY","员工暂停或恢复陪玩接单资格","FX-M15-PLAYER-ACTIVE;FX-M15-OPEN-CANDIDATE-POOLS;FX-STAFF-L3","GIVEN ACTIVE 陪玩符合两个开放候选池标签且 Discord 在线状态和旧 availability 任意","WHEN L3 因爽约设为 PAUSED、陪玩尝试申请新订单，再由 L3 恢复 ACTIVE","THEN 暂停后从新候选池排除且申请被拒绝；恢复后按标签重新入池；陪玩端没有自助接单开关","M15-US-06;DOP-05;ACCESS-02","API_DASHBOARD_DOMAIN_AUTOMATED"
"AT-DOP-006","P0_HIGH","API_DASHBOARD_SECURITY_E2E","CUSTOMER_DISPLAY_NAME_EDIT","客服纠正客户业务展示名","FX-M15-CUSTOMER-PROFILE;FX-STAFF-L1-L2","GIVEN 同 Guild 客户 Profile 具有 displayName 与版本","WHEN L2 以 expectedVersion、原因更新 displayName，L1 或过期版本尝试相同操作","THEN L2 更新成功并审计；L1 被拒绝、过期版本冲突；Discord ID、用户 ID、钱包、历史与只追加备注均未改变","M15-US-07;DOP-06;ACCESS-02","API_DASHBOARD_SECURITY_AUTOMATED"
"AT-DOP-007","P0_BLOCKER","API_DASHBOARD_SECURITY_E2E","STAFF_ACCOUNT_ADMINISTRATION","L4 管理同 Guild 员工账号、Role 对账与会话","FX-M15-STAFF-ACCOUNTS;FX-STAFF-L4;FX-TWO-GUILDS","GIVEN L4 已完成 step-up 且同 Guild 存在 L1-L4 员工账号","WHEN 分页查看员工及其最近 Role 同步时间、当前观察 Role、上次错误、队列状态和待批准级别，并为任一员工立即对账、修正或降级角色及撤销目标会话","THEN 仅同 Guild 账号可见，立即对账进入持久化队列，角色变化可审计且旧会话失效；非 L4、未 step-up 与跨 Guild 操作被拒绝","M15-US-08;DOP-07;ACCESS-02","API_DASHBOARD_SECURITY_AUTOMATED"
"AT-DOP-008","P0_BLOCKER","API_DB_DASHBOARD_SECURITY_E2E","DUAL_CONTROL_ACCESS_SAFETY","首次高级提权遵循双人控制与最后所有者保护","FX-M15-PENDING-ELEVATION;FX-M15-ONLY-OWNER;FX-STAFF-L4-A-B","GIVEN 员工首次申请 L3 或 L4 且另有最后一名有效所有者场景","WHEN 创建者自批、不同 L4 批准或尝试移除最后所有者","THEN 自批被拒绝，不同 L4 可批准并撤销旧会话，最后所有者不能被移除，Discord Role 不直接成为授权事实","M15-US-08;DOP-07;ACCESS-02","API_DB_DASHBOARD_SECURITY_AUTOMATED"
"AT-REV-001","P0_BLOCKER","API_DASHBOARD_E2E","CAT_USD_DISPLAY_BOUNDARY","业务金额与陪玩结算币种展示一致","无","GIVEN API 返回 canonical CAT subunit 金额且固定 1 USD = 10 CAT","WHEN 员工查看钱包、订单、充值和陪玩结算","THEN 除充值付款事实使用 USD 外均显示 CAT，陪玩结算同时显示 CAT 与 USD 且不建立第二账本","M16-US-03;REV-01","API_DASHBOARD_AUTOMATED"
"AT-REV-002","P0_BLOCKER","CONTRACT_API_DASHBOARD","WALLET_ENTRY_PAGE","钱包流水保持可扩展分页合同","无","GIVEN 钱包流水超过一页","WHEN Dashboard 使用 nextCursor 继续读取","THEN API 每页均返回 items/nextCursor envelope，无重复遗漏且 Dashboard 不使用裸数组假设","M16-US-02;M16-US-03;REV-02","API_DASHBOARD_AUTOMATED"
"AT-REV-003","P0_BLOCKER","API_AUDIT","STANDARD_TARGET_ERROR","非法路径参数进入统一错误和审计","无","GIVEN 已认证 Actor 向安全路由提交非法 targetId","WHEN 路由解析目标","THEN 返回标准 400 error envelope 与 requestId，不返回 Fastify 500，并记录拒绝审计","M16-US-02;REV-03","API_AUTOMATED"
"AT-REV-004","P0_BLOCKER","API_DB_FAULT_INJECTION","IDEMPOTENCY_FINALIZATION_RECOVERY","业务提交后幂等完成失败可恢复","无","GIVEN 安全写已提交业务与审计且幂等终态首次写入失败","WHEN 同一 key 重试或恢复机制执行","THEN 客户端获得原成功结果，业务事实只写一次且不留下可超时重执行的 IN_PROGRESS 记录","M16-US-02;REV-03","API_DB_FAULT_INJECTION_AUTOMATED"
"AT-REV-005","P0_HIGH","DASHBOARD_COMPONENT_E2E","LATEST_REQUEST_RECOVERY","切换对象与请求失败不污染界面","无","GIVEN 客户 A 慢请求和客户 B 快请求并发，写操作可失败","WHEN 员工快速切换至 B 或提交失败写操作","THEN 旧请求不覆盖 B，busy/loading 总能结束且可重试","M16-US-03;REV-04","DASHBOARD_AUTOMATED"
"AT-REV-006","P0_HIGH","ENGINEERING_GATE","API_DASHBOARD_QUALITY_GATE","共享类型与规范门禁阻止合同漂移","无","GIVEN API 与 Dashboard 使用共享 DTO 且仓库声明生产路由","WHEN CI 运行 route-contract parity、lint、typecheck、build 与测试","THEN 缺失 OpenAPI 路由、currency/envelope 假设、未处理异步错误或新规范违反会失败","M16-US-04;REV-04","CI_AUTOMATED"
"AT-BOT-REV-001","P0_BLOCKER","BOT_DISCORD_COMPONENT","PRIVATE_CHANNEL_RUNTIME_EFFECTS","私密订单频道运行时真实应用计划与面板置顶","FX-GUILD;FX-USER-CUSTOMER-A;FX-STAFF-L1-L4;FX-BOT","GIVEN 客户从公共入口创建订单且可能已有或删除过原频道","WHEN Bot 创建、返回或恢复私密订单频道","THEN 运行时复用同一权限计划，面板真实置顶；客户不可管理；Bot/客服可管理；重复或失败不留频道垃圾且不改订单或资金","M17-US-02;BOT-REV-01;AT-CHN-001;AT-ONB-003","BOT_DISCORD_COMPONENT_AUTO_AND_UAT"
"AT-BOT-REV-002","P0_BLOCKER","BOT_RUNTIME","CRITICAL_READINESS_BARRIER","Bot 只在关键初始化完成后就绪","FX-BOT-RESTART;FX-GUILD;FX-API-HEALTH","GIVEN Bot 刚登录且配置、常驻入口或 API health 仍在处理","WHEN 运维请求 health 且用户尝试交互","THEN 关键步骤完成前返回 503，完成后返回 200；全量 Role reconciliation 使用有界后台执行且不暴露空配置服务窗口","M17-US-03;BOT-REV-02;AT-REC-004","BOT_RUNTIME_AUTO_AND_RESTART_UAT"
"AT-BOT-REV-003","P0_BLOCKER","BOT_API_ADAPTER","ACTOR_TRANSPORT_FAILURE_BOUNDARY","Bot Actor 与 API 输送边界一致且失败关闭","FX-GUILD;FX-DM-INTERACTION;FX-API-TIMEOUT;FX-API-NON-JSON","GIVEN Bot 处理 Guild 或非 Guild 交互且 API 可能超时、断网或返回非 JSON","WHEN 功能 client 通过 BotApiTransport 请求统一 API","THEN Guild Actor 头、interaction 与幂等键统一；非 Guild 不发请求；超时、网络和无效 envelope 返回可追踪标准错误且不泄露 token","M17-US-05;BOT-REV-03;ACCESS-02","BOT_API_ADAPTER_AUTOMATED"
"AT-BOT-REV-004","P0_HIGH","BOT_ARCHITECTURE","FEATURE_BOUNDARY_AND_ROUTE_REACHABILITY","Bot 功能边界和 Discord 组件路由可达","无","GIVEN Bot 渲染订单、Profile、礼物、选秀和客服的所有可用组件","WHEN 执行功能单元、handler 行为、custom ID 生成/解析和 Piece discovery","THEN 每个可用 custom ID 有唯一可达 handler；handler 在 API 前 acknowledgement；API、feature、renderer 和 Discord adapter 职责不重复业务规则","M17-US-06;M17-US-07;M17-US-08;BOT-REV-04","BOT_ARCHITECTURE_AND_HANDLER_AUTOMATED"
"AT-BOT-REV-005","P0_HIGH","ENGINEERING_GATE","BOT_QUALITY_GATE","Bot 规范与回归门禁阻止新退化","无","GIVEN Bot 源码、Sapphire Pieces 和专项测试清单已纳入根工程","WHEN CI 运行 quality:bot、typecheck、build、Bot 测试、Piece discovery 与全量回归","THEN lint error、新 warning、格式漂移、缺失路由、交互响应顺序或现有行为退化会使门禁失败","M17-US-04;M17-US-08;M17-US-09;BOT-REV-05","CI_AUTOMATED"
"AT-EXP-001","P0_BLOCKER","BOT_COPY_ENGINEERING_GATE","USER_VISIBLE_TRIAL_TERMINOLOGY","用户可见统一使用试音匹配术语","无","GIVEN Bot 渲染消息、组件、频道名、语音房名、图片替代文字或错误提示","WHEN 用户可见文案门禁扫描所有生产 renderer 与 Worker Discord payload","THEN 用户可见表面不含选秀并按语境使用试音、试音匹配或报名；内部 SelectionPool、operationId 和数据库枚举可保留","M18-US-01;M18-US-02;M18-US-05;EXP-01","BOT_COPY_AUTOMATED"
"AT-EXP-002","P0_HIGH","BOT_DISCORD_VISUAL_COMPONENT","DENSITY_AND_EMBED_HIERARCHY","关键流程按风险使用一致视觉密度与信息层级","无","GIVEN 欢迎私信、公共欢迎、订单、派单、服务、资金或错误消息需要渲染","WHEN renderer 选择密度 preset 并构造 Embed","THEN 信息按标题、引导、核心事实、老板需求、进度、下一步和页脚排列；自动迎新与 /welcome 重发复用同一安全私信；公共节点较丰富，资金权限错误保持克制且事实完整","M18-US-01;M18-US-02;M18-US-03;M18-US-04;M18-US-05;M18-US-06;M18-US-07;EXP-02","BOT_COMPONENT_AUTO_AND_UAT"
"AT-EXP-003","P0_HIGH","BOT_DISCORD_RESPONSIVE_UAT","MOBILE_DESKTOP_SCANABILITY","老板、陪玩和客服在桌面与手机都能快速扫读和操作","FX-GUILD;FX-CUSTOMER;FX-PLAYER;FX-STAFF","GIVEN 真实 Guild 具有欢迎、下单、派单、试音匹配、就绪与完成消息","WHEN 三种角色分别在桌面和手机宽度查看并操作","THEN 图片裁切、字段分组、按钮换行、Reaction 说明、mention 名单与唯一主动作均可读且不泄露额外身份或权限","M18-US-03;M18-US-04;M18-US-05;M18-US-06;M18-US-08;EXP-03","BOT_DISCORD_UAT"
"AT-EXP-004","P0_BLOCKER","BOT_WORKER_IDEMPOTENCY","LOW_NOISE_MESSAGE_UPDATES","高频状态变化原位更新且重试不刷屏","FX-GUILD;FX-MULTI-PLAYER-ORDER;FX-BOT-RESTART","GIVEN 报名、撤回、就绪、状态推进或重复 Outbox 事件发生","WHEN Bot 或 Worker 更新已持久化 Discord 消息并经历重试或重启","THEN 同一业务节点原位编辑，稳定键不重复横幅、庆祝或提醒；mention 保持静默，Discord 失败不改变业务事实","M18-US-05;M18-US-06;M18-US-07;M18-US-08;EXP-04","BOT_WORKER_AUTO_AND_RESTART_UAT"
"AT-EXP-005","P0_BLOCKER","BOT_RISK_COPY_SECURITY","HIGH_RISK_FACTUAL_CLARITY","资金权限冲突和内部异常保持准确可恢复","FX-API-CONFLICT;FX-API-INTERNAL;FX-API-FORBIDDEN","GIVEN 写操作可能成功、明确拒绝或在可信结果前异常","WHEN Bot 展示资金、权限、冲突、取消或内部异常反馈","THEN 文案明确操作、业务原因、下一步、写入确定性与 request_id，不以 emoji、颜文字或庆祝语弱化风险且不泄露内部敏感信息","M18-US-01;M18-US-02;M18-US-04;M18-US-07;EXP-05","BOT_ERROR_AUTOMATED_AND_UAT"
"AT-EXP-006","P0_BLOCKER","API_RBAC","WELCOME_DM_LEAST_PRIVILEGE","迎新私信手动重发使用独立最小权限","FX-GUILD;FX-STAFF-L1;FX-STAFF-L2;FX-BOT","GIVEN /welcome 保留 Discord ManageGuild 门槛且 API 从可信 Discord Actor Context 解析同 Guild 有效员工","WHEN L2 调用 getWelcomeDmContext 为仍在 Guild 的非 Bot 用户授权重发，或 L1 尝试相同操作","THEN L2 以 welcome_dm.send 获得仅含 guildId 与 publicEntryChannelId 的安全上下文并写成功审计；L1 返回 403 并写拒绝审计；任何响应都不返回完整 Bot 配置或 manageableFields","M18-US-03;ACCESS-01;ACCESS-02;EXP-05","API_RBAC_AND_BOT_AUTO"
"AT-STATE-001","P0_BLOCKER","API_DB_CONTRACT","CUSTOMER_FREE_MULTI_PLAYER_READINESS","客户不参与 readiness 且全体有效陪玩决定开始","FX-MULTI-PLAYER-ORDER","GIVEN ACCEPTED 订单有多名当前有效陪玩且客户可查看订单","WHEN 部分或全部陪玩确认或撤销就绪","THEN 客户不存在 readiness 写动作；仅全部有效陪玩已就绪才首次进入 IN_SERVICE；新增陪玩不倒退已开始状态但最终捕获前仍须全员就绪","M19-US-01;M19-US-03;STATE-01","API_DB_AUTOMATED"
"AT-STATE-002","P0_BLOCKER","API_OUTBOX_CONSUMER_MATRIX","ATOMIC_CROSS_ROLE_PROJECTION","业务事实与全部受影响消费者可恢复地收敛","FX-ORDER-STATE-MATRIX;FX-OUTBOX-FAILURE","GIVEN 任一订单状态、报名、参与人、资金或客服任务写入","WHEN 事务提交并由 Worker 或 Dashboard 消费最新投影","THEN 业务事实与 Outbox 同事务；客户、陪玩、客服协同卡和客服工作台按矩阵更新；展示失败重试且不回滚或重复业务写入","M19-US-01;M19-US-02;M19-US-03;M19-US-04;STATE-02;STATE-03","API_DB_WORKER_DASHBOARD_AUTOMATED"
"AT-STATE-003","P0_HIGH","DASHBOARD_COMPONENT_E2E","SUPPORT_LIVE_QUERY_CONSISTENCY","客服工作台及时看到订单和任务最新事实","FX-STAFF-L1-L4;FX-ORDER-STATE-MATRIX","GIVEN 客服正在查看订单详情、任务详情或队列且另一角色改变业务事实","WHEN Dashboard 自身写成功、短轮询执行或页面恢复可见","THEN 受影响查询重取并显示逐人 readiness、最新任务、状态和资金；陈旧响应不覆盖新对象或版本；失败保留上次可信事实并可重试","M19-US-01;M19-US-03;M19-US-04;STATE-03;STATE-05","DASHBOARD_AUTO_AND_UAT"
"AT-STATE-004","P0_BLOCKER","BOT_WORKER_IDEMPOTENCY","STAFF_COORDINATION_IN_PLACE_REFRESH","客服协同卡在状态值未变化时也更新内部进度","FX-GUILD;FX-MULTI-PLAYER-ORDER;FX-BOT-RESTART","GIVEN ACCEPTED 订单已有持久化客服协同卡且陪玩逐个确认","WHEN 每次 PANEL_SYNC、重试、消息恢复或 Worker 重启执行","THEN 同一协同卡原位显示逐人 ✅/⏳、未就绪名单、截止与实际开始时间；不重复发卡、不要求客户确认且静默 mention","M19-US-02;M19-US-03;STATE-03;STATE-04","BOT_WORKER_AUTO_AND_RESTART_UAT"
"AT-STATE-005","P0_HIGH","OBSERVABILITY_UAT","PROJECTION_CONVERGENCE_AND_ALERTING","跨角色投影时效可度量且失败可发现","FX-WORKER-DELAY;FX-DISCORD-MISSING-MESSAGE;FX-DASHBOARD-STALE","GIVEN 正常状态写入或投影消费者持续失败","WHEN 监控收集 Outbox 和各消费者收敛结果","THEN 正常目标五秒内收敛；超过三十秒、最大重试、消息丢失或版本倒退产生含订单、事件、目标消费者和 request_id 的脱敏告警","M19-US-04;M19-US-05;STATE-04;STATE-05","OBSERVABILITY_AUTO_AND_UAT"
"AT-ACT-001","P0_BLOCKER","API_BOT_STATE_MATRIX","OWNER_CANCEL_ACTION_COVERAGE","老板在全部可操作非终态都能找到正确取消入口","FX-ORDER-STATE-MATRIX;FX-CUSTOMER","GIVEN 客户查看 DRAFT、PENDING_DISPATCH、ACCEPTED、IN_SERVICE、PENDING_CONFIRMATION、CANCELLATION_ASSIST 或 EXCEPTION 订单","WHEN API 返回 availableActions 且 Bot 渲染客户主面板","THEN 每个非终态存在取消或取消处理中入口；低风险状态可确认取消，高风险状态进入或复用客服审核；COMPLETED/CANCELLED 不显示取消","M20-US-01;M20-US-02;M20-US-03;ACT-01;ACT-03","API_BOT_TABLE_DRIVEN"
"AT-ACT-002","P0_HIGH","BOT_DISCORD_COMPONENT","FIRST_USE_LABEL_AND_LAYOUT","首次使用者能理解按钮且屏幕层级稳定","FX-ORDER-DRAFT;FX-SELECTION-WITH-APPLICANTS;FX-MOBILE-DESKTOP","GIVEN 四步下单、招募试音、订单生命周期或服务中心需要渲染多个动作","WHEN Bot 构造消息组件","THEN 标签使用动词加对象/结果；一屏最多一个 Primary；每行通常不超过三个；危险动作单独成行；无目标禁用按钮省略","M20-US-01;M20-US-03;ACT-02","BOT_COMPONENT_AUTO_AND_UAT"
"AT-ACT-003","P0_BLOCKER","API_BOT_SECURITY","ROLE_SCOPED_AVAILABLE_ACTIONS","客户、陪玩和客服只能看到并执行自己的写动作","FX-CUSTOMER;FX-PLAYER;FX-STAFF;FX-ORDER-STATE-MATRIX","GIVEN 三种 Actor 查看同一订单事实","WHEN API 返回角色化 availableActions 且各 Discord 视图渲染并尝试旧 custom ID","THEN 客户卡无陪玩写按钮、陪玩工作台无老板写按钮、客服卡无客户或陪玩写按钮；旧权限或版本被 API 拒绝且零写入并刷新","M20-US-02;M20-US-03;ACT-01;ACT-03","API_BOT_SECURITY_AUTOMATED"
"AT-ACT-004","P0_HIGH","BOT_ARCHITECTURE_UAT","RENDERER_ROUTE_AND_PAGINATION_CONVERGENCE","生产动作 renderer 与路由完整收敛","FX-PAGINATED-ORDERS;FX-PAGINATED-CONSUMPTIONS;FX-LEGACY-COMPONENT","GIVEN 生产消息包含动作或分页组件且旧消息可能仍存在","WHEN 执行 renderer、custom ID registry、上一页/下一页和旧组件恢复","THEN 每个可用 custom ID 有唯一 handler；分页双向且上下文稳定；无生产调用的旧 renderer 被删除或隔离；陈旧组件给出可恢复反馈","M20-US-03;M20-US-04;ACT-04","BOT_ARCHITECTURE_AUTO_AND_UAT"
"AT-MULTI-015","P0_BLOCKER","DASHBOARD_API_DB_WORKER","ORDER_SUPPORT_NOTE_RECOVERY","客服在原权限范围更正订单与席位备注且终态失败关闭","FX-ORDER-PENDING-DISPATCH;FX-ORDER-CANCELLED;FX-STAFF-L1-CLAIMED;FX-STAFF-L2","GIVEN L1 已认领订单任务或 L2+ 位于同 Guild，订单不要求存在招募池","WHEN 客服添加、编辑或清空订单备注与单席位备注，并尝试修改已取消订单","THEN 非终态未捕获订单只更新当前备注投影并追加订单/需求事件、审计和 PANEL_SYNC；金额、预留和收益不变；清空不删除历史；COMPLETED、CANCELLED 或已捕获订单零写入","M10-US-03;ORD-04;AUD-02;FUND-06","DASHBOARD_API_DB_TRANSACTION"
"AT-REVIEW-001","P0_BLOCKER","API_DB_TRANSACTION","OPTIONAL_TARGET_SCOPED_REVIEWS","订单整体、有效陪玩和实际客服可独立且自愿评价","FX-MULTI-PLAYER-ORDER;FX-CUSTOMER;FX-STAFF-L1","GIVEN 本人订单在 24 小时内完成且包含多名有效陪玩，其中仅一位客服产生真实首次响应","WHEN 老板只给订单整体和其中一名陪玩分别评分并尝试伪造第三方陪玩或无响应客服目标","THEN API 只接受派生目标并逐目标追加不可变星级；未选目标保持未评价；伪造、跨 Guild、非本人、过期和重复目标整批零写入","M21-US-02;REVIEW-01;REVIEW-02","API_DB_CONCURRENCY_AND_SECURITY"
"AT-REVIEW-002","P0_HIGH","BOT_API_COMPONENT_UAT","LOW_FRICTION_REVIEW_CENTER","老板用很少点击完成评价且退出不丢分","FX-MULTI-PLAYER-ORDER;FX-STAFF-L1;FX-MOBILE-DESKTOP;FX-BOT-RESTART","GIVEN 私密评价中心展示未评价的整体、陪玩和实际客服目标","WHEN 老板一键给整体五星、批量给两名陪玩四星、单独给猫舍前台二星并直接退出或选择追加留言","THEN 每次星级成功即保存且留言始终可选；重开或重启后显示已保存事实；陈旧组件回读最新状态且不重试写入","M21-US-03;REVIEW-02;REVIEW-03","BOT_COMPONENT_AUTO_AND_DISCORD_UAT"
"AT-REVIEW-003","P0_BLOCKER","API_WORKER_DISCORD_PRIVACY","EXPLICIT_FIVE_STAR_PUBLICATION","只有明确同意的五星安全快照进入好评频道","FX-MULTI-PLAYER-ORDER;FX-DISCORD-MISSING-MESSAGE;FX-OUTBOX-BROADCAST-FAILED","GIVEN 同一订单含五星、四星、差评和未评价对象且老板尚未同意公开","WHEN 老板查看预览、取消一次后再次明确确认公开，Worker 重试并恢复缺失消息","THEN 取消时零公开；确认后仅一张聚合卡展示五星对象和安全订单摘要；不得泄露一至四星、留言、未评价或非五星对象、客户身份、金额、钱包、私密频道或内部客服身份；重试不重复","M21-US-04;REVIEW-04","PRIVACY_NEGATIVE_OUTBOX_AND_DISCORD_UAT"
"AT-REVIEW-004","P0_BLOCKER","API_DB_WORKER_REGRESSION","REVIEW_SIDE_EFFECT_ISOLATION","评价成功或失败均不改变订单与资金业务事实","FX-ORDER-COMPLETED-10000;FX-RESERVATION-ORDER-CAPTURE;FX-EARNING-CONFIRMED;FX-REFERRAL-PROMOTER-FIXED","GIVEN 订单已完成并已形成捕获、消费、陪玩收益和可能的返佣事实","WHEN 评价写入、留言追加、公开请求、并发冲突、Outbox 失败或恶意低分发生","THEN 订单状态、预留、捕获、钱包、收益、返佣、派单、准入、权限和处罚均不变化；评价只追加且不可硬删除","M21-US-02;M21-US-03;M21-US-04;REVIEW-01;REVIEW-02;REVIEW-04","TRANSACTIONAL_REGRESSION_AND_AUDIT"
"AT-GIFT2-001","P0_BLOCKER","API_DB_TRANSACTION","STANDALONE_TRUSTED_RECIPIENT","独立送礼只接受同 Guild 有效陪玩","FX-CUSTOMER;FX-PLAYER-ACTIVE;FX-PLAYER-OTHER-GUILD;FX-PLAYER-PAUSED","GIVEN 老板从送礼中心取得同 Guild ACTIVE 陪玩 playerProfileId","WHEN 提交独立礼物并尝试伪造 receiverId、跨 Guild、PAUSED/SUSPENDED 或已失效 profile","THEN API 只从最终仍有效的 playerProfileId 派生 receiverId；合法请求创建一份礼物/预留/任务；任一伪造或失效请求零写入且不泄露目标","M22-US-02;GIFT2-01;GIFT2-03","API_DB_SECURITY"
"AT-GIFT2-002","P0_BLOCKER","API_DB_CONCURRENCY","STANDALONE_GIFT_FUNDS","余额不足与并发超支均零业务写入","FX-CUSTOMER-BALANCE;FX-GIFT-ACTIVE;FX-CONCURRENT-GIFT","GIVEN 老板选定一位陪玩和礼物且内部 CAT 可用余额可能不足或同时被其他请求占用","WHEN affordability 检查、刷新余额或最终确认","THEN 只读检查返回差额和充值指引且零写入；最终事务重新锁定钱包，只有余额充足请求创建 ACTIVE 预留，availableMinor 不为负","M22-US-02;GIFT2-01;GIFT2-02","API_DB_CONCURRENCY"
"AT-GIFT2-003","P0_BLOCKER","API_WORKER_DISCORD_PRIVACY","ANONYMOUS_GIFT_PRESENTATION","匿名送礼不向陪玩或公共频道泄露老板身份","FX-STANDALONE-GIFT-ANONYMOUS;FX-GIFT-BROADCAST-RETRY","GIVEN 老板在最终确认前选择匿名且礼物后续通过审核、捕获和播报","WHEN 客服查看内部任务、陪玩收到投影、公共播报重试或消息丢失恢复","THEN 内部任务/资金/审计保留真实 senderId；陪玩与公共 payload 仅显示匿名老板且无 mention、用户名、用户 ID、头像、订单或私密频道；重试不改匿名事实也不重复扣款","M22-US-02;M22-US-05;GIFT2-02;GIFT2-03","PRIVACY_NEGATIVE_OUTBOX"
"AT-GIFT2-004","P0_HIGH","BOT_DISCORD_COMPONENT_UAT","PERSISTENT_GIFT_ENTRY","送礼常驻卡低点击且可恢复","FX-GUILD;FX-GIFT-ENTRY-CHANNEL;FX-DISCORD-MISSING-MESSAGE","GIVEN 同 Guild 已配置礼物入口频道且 Bot 有 View/Send/Manage Messages 权限","WHEN 启动、配置变化、按钮点击、Bot 重启或常驻消息被删除","THEN 频道收敛为一条置顶常驻卡；老板在 ephemeral 完成陪玩、礼物、可选匿名与确认；签名状态跨重启恢复，个人余额不公开","M22-US-03;GIFT2-01;GIFT2-04","BOT_COMPONENT_DISCORD_UAT"
"AT-GIFT2-005","P0_BLOCKER","API_BOT_AUTHORIZATION","STAFF_GIFT_ASSIST","模式 B 客服辅助仅在可信客户意图与本人二次验证后直接预留","FX-STAFF-L1-MFA;FX-CUSTOMER-BALANCE;FX-CUSTOMER-AUTH-MESSAGE","GIVEN 具备 gift.assist 的客服从同 Guild 老板本人授权消息右键发起且 API 已解析唯一余额所有者","WHEN 客服选择陪玩、礼物和匿名设置并以必填原因与客服本人 TOTP 最终确认","THEN 十分钟单次 challenge 绑定客服、permissions_version、Guild、老板和授权消息；API 不接受 senderId/receiverId 并原子重验余额与目标；成功记录客服执行者、老板付款人、原因和证据，未授权、错误或重放均不创建预留","M22-US-04;GIFT2-05","API_BOT_RBAC_MFA_CONCURRENCY_DISCORD_UAT"
