"交互ID","版本","端","组件/位置","触发者","前置状态","API operationId","OpenAPI状态","成功状态","失败反馈","最低权限","需求ID","门禁ID","实现状态"
"INT-D-001","0.8","Discord","公共入口/创建订单","用户","已加入服务器且内部钱包已自动建立","createOrder","M7 合同","创建 DRAFT 订单并生成私密频道；已有活跃订单则返回原频道","余额不足或 CONFLICT 时保持原状态；服务错误附 request_id","用户","REQ-P0-ORDER-01;REQ-P0-FUNDS-01","GATE-P0-01","计划开发"
"INT-D-002","0.8","Discord","公共入口/我的服务中心","用户","已加入服务器","getMyServiceCenter","M7 合同","返回 ephemeral 个人摘要与内部 CAT 余额；我的收益只表示当前用户是受益人","账户不可用时展示联系客服；服务错误附 request_id","用户","REQ-P0-PRIVACY-01;REQ-P0-FUNDS-01","—","计划开发"
"INT-D-003","0.8","Discord","服务中心/联系充值客服","用户","个人中心已打开","getMyServiceCenter","M7 合同","ephemeral 展示受控客服入口和充值说明；不会把点击视为到账","客服入口不可用时显示 request_id；不收集银行卡或支付密码","用户","REQ-P0-FUNDS-01","GATE-P0-02","计划开发"
"INT-D-004","0.7","Discord","订单面板/加载目录","用户","订单 DRAFT","listServiceCatalog","OpenAPI v1.0 现行合同","以消息 String Select 展示启用且双价格完整的服务；每个 Select 最多 25 项，用户端只返回客户价格","SERVICE_NOT_AVAILABLE：刷新目录并保留草稿；超出 25 项时消息分页","订单所有者","REQ-P0-ORDER-01","GATE-P0-01","计划开发"
"INT-D-004A","1.5","Discord","订单面板/旧优先陪玩入口","用户","订单 DRAFT","—","M11 退役决议","当前四步点菜式向导不展示也不提交旧优先陪玩 User Select；遗留快照仅供迁移审计，不参与候选通知、报名排序或客户终选","旧 custom ID 或非空优先名单写入不得恢复独占首轮、自动回退或自动选人；客户端刷新现行候选池流程","订单所有者","REQ-P0-ORDER-01;SEL-01","GATE-P0-01;GATE-P0-03","已退役兼容"
"INT-D-005","0.7","Discord","订单面板/保存结构化需求","用户","订单 DRAFT 且当前选项有效","updateOrderDraft","OpenAPI v1.0 现行合同","逐次更新游戏、服务、区服、时长、标签、价格预览和版本；提交一次后编辑原消息并加载下一组关联选项","VALIDATION_ERROR：在消息中标注字段；CONFLICT：刷新订单；不在打开的 Modal 内级联刷新","订单所有者","REQ-P0-ORDER-01","GATE-P0-01","计划开发"
"INT-D-005A","1.5","Discord","第二步游戏菜单/需求备注 Modal","用户","本人订单 DRAFT 且已选游戏","updateOrderDraft","M10-US-09 需求备注决议","点击填写需求备注打开单字段 Modal；携带 expectedVersion 保存整单可选备注，成功后返回原游戏菜单并显示内容；逐席位偏好仍在第三步编辑","VALIDATION_ERROR：重新打开备注 Modal；CONFLICT：刷新订单且不覆盖新事实；不得包含自定义 Modal 按钮","订单所有者","REQ-P0-ORDER-01;ORD-04","GATE-P0-01;AT-MULTI-011","本地候选，待真实 Guild UAT"
"INT-D-006","0.7","Discord","订单面板/完整确认摘要","用户","订单 DRAFT 且目录版本有效","estimateOrder","OpenAPI v1.0 现行合同","以私密消息返回完整确认、取消规则、ledgerBalanceMinor、reservedMinor、availableMinor 和提交后可用金额","余额或价格暂不可用时禁用提交；保留草稿并附 request_id","订单所有者","REQ-P0-ORDER-01;REQ-P0-FUNDS-01","GATE-P0-01;GATE-P0-02","计划开发"
"INT-D-007","0.7","Discord","订单面板/确认提交并预留","用户","DRAFT、availableMinor 足够、目录版本有效","submitOrder","现有","原子创建订单 FundReservation 并进入 PENDING_DISPATCH；不捕获消费","余额不足保持 DRAFT；未知预留结果禁用重复提交并显示 request_id","订单所有者","REQ-P0-FUNDS-01","GATE-P0-02","计划开发"
"INT-D-008","0.7","Discord","订单提交/查询未知结果","用户","submitOrder 超时或网络中断","getOrder","OpenAPI v1.0 现行合同","按原 request_id 或 idempotencyKey 返回唯一提交和预留结果","仍未知时保持禁用并转客服；不得创建第二笔预留","订单所有者","REQ-P0-FUNDS-01;REQ-P0-SUPPORT-01","GATE-P0-02","计划开发"
"INT-D-009","0.7","Discord","订单面板/刷新订单","用户或陪玩","对订单有参与权限","getOrder","现有","返回状态、匹配、逐名陪玩就绪、预留和下一步；客户只读 readiness","403 不泄露对象；CONFLICT 刷新版本","订单参与者","REQ-P0-MATCH-01;REQ-P0-READY-01","GATE-P0-03;GATE-P0-05","计划开发"
"INT-D-010","1.5","Discord","订单面板/候选池透明信息","用户","订单 PENDING_DISPATCH 或 ACCEPTED","getOrder;getCurrentOrderSelectionPool;listOrderSelectionApplications","M11 现行合同","展示待招募/COLLECTING/SELECTION 阶段、有效报名 mention、客户下一步和原子终选结果；不显示自然截止或自动获胜者","服务错误保留上一有效版本并标注 calculatedAt；候选身份只对订单客户和授权客服可见","订单所有者","REQ-P0-MATCH-01;SEL-01","GATE-P0-03","现行合同"
"INT-D-011","1.5","Discord","订单面板/终选后进入频道","用户或正式陪玩","订单 ACCEPTED 且为参与者","getOrder","M11 现行合同","客户原子终选成功后校验频道授权并返回 Discord 频道链接；未入选报名者不得访问","频道未就绪时返回安全重试信息；越权不泄露频道","订单参与者","REQ-P0-MATCH-01;REQ-P0-PLAYER-02","GATE-P0-03;GATE-P0-04","现行合同"
"INT-D-012","0.7","Discord","订单面板/陪玩确认本人就绪","当前有效陪玩","订单 ACCEPTED 且本人是有效参与人","setOrderReadiness","M19/M10 合同","只记录当前陪玩 readiness；所有当前有效陪玩均就绪后 API 自动进入 IN_SERVICE；客户没有就绪动作","重复提交幂等；CONFLICT 刷新；超时创建客服任务","订单有效陪玩","REQ-P0-READY-01;READY-02","AT-STATE-001;AT-MULTI-003","开发中"
"INT-D-013","0.7","Discord","订单面板/刷新陪玩就绪","用户或当前陪玩","订单 ACCEPTED 或 IN_SERVICE","getOrder","M19/M10 合同","逐名返回有效陪玩 readiness、确认时间、超时和服务开始时间；客户只读","403 不泄露对象；服务错误附 request_id","订单参与者","REQ-P0-READY-01;READY-02","AT-STATE-001;AT-STATE-002","开发中"
"INT-D-014","0.7","Discord","订单面板/取消影响预览","用户","订单允许取消或请求客服","previewOrderCancellation","OpenAPI v1.0 现行合同","展示可自动处理性、预计释放/退款金额、方式、时效和 required_level","数据变化要求刷新预览；预览不执行资金动作","订单所有者","REQ-P0-CANCEL-01","GATE-P0-06","计划开发"
"INT-D-015","0.7","Discord","订单面板/确认取消","用户","已查看最新取消影响；DRAFT 或 PENDING_DISPATCH 可自动处理","cancelOrder","现有","DRAFT 无资金动作；PENDING_DISPATCH 原子释放预留后进入 CANCELLED","释放失败保持原状态并创建客服任务；不得先显示已取消","订单所有者","REQ-P0-CANCEL-01;REQ-P0-FUNDS-01","GATE-P0-06;GATE-P0-02","计划开发"
"INT-D-016","0.7","Discord","订单面板/申请客服取消或报告问题","用户或陪玩","活跃订单且自动取消不适用或主动求助","createOrderStaffTask","现有","创建或返回唯一活动客服任务并展示进度","重复请求返回现有任务；失败附 request_id 且不改变订单","订单参与者","REQ-P0-SUPPORT-01;REQ-P0-CANCEL-01","GATE-P0-06","计划开发"
"INT-D-017","1.5","Discord","订单面板/陪玩申请完成","当前有效陪玩","订单 IN_SERVICE","requestOrderCompletion","现有","订单进入 PENDING_CONFIRMATION 并通知用户；订单预留保持","CONFLICT：刷新；重复请求幂等；非参与陪玩点击时私密说明该按钮仅供本单有效陪玩使用","当前有效陪玩","REQ-P0-PLAYER-02;REQ-P0-FUNDS-01","GATE-P0-04;GATE-P0-02","现行合同"
"INT-D-018","0.7","Discord","订单面板/用户确认完成","用户","订单 PENDING_CONFIRMATION","confirmOrderCompletion","OpenAPI v1.0 现行合同","原子捕获订单预留并进入 COMPLETED；生成消费、陪玩收益及符合条件的受益收益","CONFLICT：刷新；捕获未知时进入 EXCEPTION 并创建任务；陪玩点击时私密说明该按钮仅供本单客人使用","订单所有者","REQ-P0-FUNDS-01;REQ-P0-READY-01","GATE-P0-02;GATE-P0-05","计划开发"
"INT-D-019","1.5","Discord","陪玩工作台/加载摘要","陪玩","已绑定 PlayerProfile","getPlayerWorkbench","M11-US-01","返回资格原因、可报名候选池、本人报名、正式订单、计时、支持和收益摘要；Presence 仅为可选诊断","非陪玩不返回资料；错误附 request_id","陪玩","REQ-P0-PLAYER-01;SEL-01","GATE-P0-04","计划开发"
"INT-D-020","1.5","Discord","陪玩工作台/接单状态退役","陪玩","已绑定 PlayerProfile","—","M11-US-01","不展示也不保存 AVAILABLE/BUSY 或在线接单开关；报名资格由 API 按审批、Guild 和标签判断","旧控件或旧写入请求不可用；Presence 不影响报名","陪玩","REQ-P0-PLAYER-01;SEL-01","GATE-P0-04","计划开发"
"INT-D-021","1.5","Discord","陪玩工作台/候选池列表","陪玩","ACTIVE、同 Guild 且标签匹配","getPlayerWorkbench","M11-US-01","只返回当前陪玩可见且仍可报名的候选池及本人现有报名","空状态显示无候选池；资格变化返回安全提示与支持入口","陪玩","REQ-P0-PLAYER-02;SEL-01","GATE-P0-04","计划开发"
"INT-D-022","1.5","Discord","候选池/查看完整要求","陪玩","当前可报名或已有本人报名","getPlayerWorkbench","M11-US-05","展示完整要求、结构化标签、备注和招募状态；派单阶段不展示预计收益，客户敏感信息脱敏","客户已终止招募或越权返回统一不可用提示","陪玩","REQ-P0-PLAYER-02;SEL-01","GATE-P0-04","计划开发"
"INT-D-023","1.5","Discord","陪玩私密工作台/撤回报名","陪玩","本人报名仍为 APPLIED 且候选池 COLLECTING","withdrawOrderSelectionApplication","M11-US-05","追加撤回事件并只影响本人本轮报名；触发客户订单 Embed 实时移除本人 mention；不影响其他候选或资金","重复撤回幂等；客户已终止招募时刷新列表","陪玩","REQ-P0-PLAYER-02;SEL-01","GATE-P0-04","计划开发"
"INT-D-024","1.5","Discord","候选池/确认报名","陪玩","候选池 COLLECTING；ACTIVE、同 Guild、标签匹配","applyToOrderSelectionPool","M11-US-05","创建本人报名并私密确认；触发客户订单 Embed 实时加入本人静默 mention；可同时报名多个订单；不创建正式参与人或活动订单占用","重复报名幂等；客户已终止招募或基础资格失效时显示私密刷新提示","陪玩","REQ-P0-PLAYER-02;REQ-P0-MATCH-01;SEL-01","GATE-P0-04;GATE-P0-03","计划开发"
"INT-D-025","1.0","Discord","陪玩工作台/当前订单","陪玩","存在本人活跃订单","getPlayerWorkbench","OpenAPI 现行合同","返回完整要求、频道、逐名陪玩 readiness、计时、完成动作、支持和收益摘要；客户无 readiness 动作","无当前单显示空状态；越权不泄露订单","陪玩","REQ-P0-PLAYER-01;REQ-P0-READY-01","GATE-P0-04;GATE-P0-05","现行合同"
"INT-D-026","0.7","Discord","陪玩工作台/创建支持任务","陪玩","资格、计时或订单需要帮助","createOrderStaffTask","OpenAPI v1.0 现行合同","创建或返回唯一陪玩支持任务","重复请求幂等；失败附 request_id","陪玩","REQ-P0-PLAYER-01;REQ-P0-SUPPORT-01","GATE-P0-04","计划开发"
"INT-D-027","0.7","Discord","陪玩工作台/支持进度","陪玩","存在本人支持任务","listCurrentUserStaffTasks","OpenAPI v1.0 现行合同","分页展示状态、认领、最近进展和下一步","空状态清晰；不返回内部备注","陪玩","REQ-P0-PLAYER-01;REQ-P0-SUPPORT-01","GATE-P0-04","计划开发"
"INT-D-028","0.7","Discord","陪玩工作台/收益明细","陪玩","已绑定 PlayerProfile","listCurrentPlayerEarnings","OpenAPI v1.0 现行合同","展示待确认、已确认、已发放和 Adjustment 追加记录","空状态；错误附 request_id；不提供自动提现","陪玩","REQ-P0-PLAYER-01","GATE-P0-04","计划开发"
"INT-D-029","0.7","Discord","陪玩当前订单/刷新收益摘要","陪玩","存在本人订单","getPlayerWorkbench","OpenAPI v1.0 现行合同","返回当前订单预计收益与本人汇总","估算不是已结算；错误附 calculatedAt 和 request_id","陪玩","REQ-P0-PLAYER-01","GATE-P0-04","计划开发"
"INT-D-030","0.7","Discord","订单面板/选择礼物","用户","ACCEPTED、IN_SERVICE、PENDING_CONFIRMATION 或完成后允许窗口","listGiftCatalog","M10 现行合同","展示全部启用礼物；affordable 仅提示，所有礼物按钮保持可点击；客户分页选择订单内有效陪玩明细 participantIds，真实接收人由 API 推导且不接受 receiverId","服务失败附 request_id；无礼物显示空状态；任一明细失效整批零写入","订单所有者","REQ-P0-GIFT-01;GIFT-02","AT-MULTI-005","已实现"
"INT-D-031","0.8","Discord","订单内送礼面板/检查并最终确认","用户","订单阶段允许、礼物启用、目标由订单固定","checkGiftAffordability;createOrderGiftRequest","M7 合同","选择后 API 原子读取内部 CAT 账本和本人全 Guild 活动预留；仅 canAfford 且当前 catalogVersion/price 再确认后创建礼物预留、请求和任务","不足只显示差额、联系客服充值、刷新、返回；目录变化回到重确认；并发不足零写入","订单所有者","M7-SPEC-§10;REQ-P0-GIFT-01;REQ-P0-FUNDS-01","GATE-P0-02","计划开发"
"INT-D-032","0.7","Discord","送礼申请/撤回并释放预留","用户","礼物未捕获、未过期且允许撤回","cancelGiftRequest","OpenAPI v1.0 现行合同","礼物进入 CANCELLED 并原子释放预留","CONFLICT：已审批或已过期；释放失败转客服","礼物请求所有者","REQ-P0-GIFT-01;REQ-P0-FUNDS-01","GATE-P0-02","计划开发"
"INT-D-033","0.8","Discord","送礼余额不足/客服充值回流","用户","checkGiftAffordability 返回 canAfford=false","checkGiftAffordability","M7 合同","ephemeral 显示精确 shortfall、联系客服、刷新余额和返回礼物；HMAC 短 token 保留原 order/gift 快照","刷新仍不足保持面板；客服充值到账后可继续；零 GiftRequest/FundReservation/Consumption/Task/Outbox 写入","当前用户","M7-SPEC-§10;REQ-P0-GIFT-01;REQ-P0-FUNDS-01","GATE-P0-02","计划开发"
"INT-D-034","0.7","Discord","客服卡片/认领任务","员工","任务 OPEN","claimStaffTask","现有","任务 CLAIMED 并记录认领人","CONFLICT：已被他人认领并刷新卡片","L1_SUPPORT","REQ-P0-SUPPORT-01","—","计划开发"
"INT-D-035","0.7","Discord","客服卡片/打开订单频道","员工","任务 scope 包含关联订单","getAdminOrder","OpenAPI v1.0 现行合同","返回有时效的频道链接并写审计","频道缺失或越权返回安全错误","L1_SUPPORT","REQ-P0-SUPPORT-01","—","计划开发"
"INT-D-036","0.7","Discord","客服卡片/加入订单语音","员工","任务已认领且语音频道存在","getStaffTask","OpenAPI v1.0 现行合同","返回语音频道链接并写审计","语音缺失提示改用文字频道或私聊","L1_SUPPORT","REQ-P0-SUPPORT-01","—","计划开发"
"INT-D-037","0.7","Discord","客服卡片/私聊用户","员工","任务已认领且联系方式可用","getStaffTask","OpenAPI v1.0 现行合同","打开受审计的私聊入口","联系方式不可用时提示改用订单频道","L1_SUPPORT","REQ-P0-SUPPORT-01","—","计划开发"
"INT-D-038","0.7","Discord","客服卡片/已核对提交审批","员工","任务由自己认领且核对记录完整","verifyStaffTask","现有","任务 VERIFIED；按金额和角色进入批准或审批路线","VALIDATION_ERROR：要求补充记录；CONFLICT：刷新任务","L1_SUPPORT","REQ-P0-GIFT-01;REQ-P0-RBAC-01","—","计划开发"
"INT-D-039","0.7","Discord","客服卡片/批准礼物并捕获","员工","礼物 VERIFIED、预留有效、金额在权限内","approveGiftRequest","现有","API 原子校验并捕获已有预留一次；礼物 CAPTURED；创建消费和 Outbox","APPROVAL_PENDING；余额变化或预留过期不捕获；未知结果禁重试","L2_SUPERVISOR（≤200000 CAT subunits）","REQ-P0-GIFT-01;REQ-P0-FUNDS-01","GATE-P0-02","计划开发"
"INT-D-040","0.7","Discord","客服卡片/拒绝礼物并释放","员工","礼物未捕获且已核对","rejectGiftRequest","现有","礼物 REJECTED；释放预留；通知用户；关闭任务","PERMISSION_DENIED、CONFLICT 或释放失败转异常","L2_SUPERVISOR","REQ-P0-GIFT-01;REQ-P0-FUNDS-01","GATE-P0-02","计划开发"
"INT-D-041","0.7","Discord","高额礼物/提交审批","员工","已核对，操作人具备礼物批准权限但金额超当前级别","approveGiftRequest","现有","业务 API 根据礼物、订单与预留事实返回 APPROVAL_PENDING、审批编号、required_level 和到期时间","重复提交返回现有审批；对象或预留变化要求重建","L2_SUPERVISOR","REQ-P0-RBAC-01;REQ-P0-GIFT-01","—","计划开发"
"INT-D-042","0.8","Discord","服务中心/刷新余额","用户","内部钱包已自动建立","getMyBalance","M9 现行合同","显示 ledgerBalanceMinor、reservedMinor、availableMinor、currency=CAT、calculatedAt","服务错误附 request_id；客户端不自行计算余额","用户","REQ-P0-FUNDS-01","GATE-P0-02","计划开发"
"INT-D-043","0.7","Discord","服务中心/消费记录","用户","已绑定","listMyConsumptions","OpenAPI v1.0 现行合同","分页展示订单捕获、礼物捕获、释放、退款和 Adjustment","空数据；错误附 request_id","用户","REQ-P0-AUDIT-01","—","计划开发"
"INT-D-044","0.7","Discord","服务中心/我的收益","用户或陪玩","已绑定且当前用户为受益人","listMyCommissions","OpenAPI v1.0 现行合同","只展示当前用户作为受益人的收益；来源用户默认脱敏","空状态；永不返回用户的出向推荐关系或受益人信息","用户","REQ-P0-PRIVACY-01;REQ-P0-REFERRAL-01","—","计划开发"
"INT-D-045","0.7","Discord","服务中心/客服任务进度","用户","存在本人活动任务","listCurrentUserStaffTasks","OpenAPI v1.0 现行合同","展示任务状态、认领、最近进展和下一步，不含内部备注","404 使用统一无活动任务提示；错误附 request_id","用户","REQ-P0-SUPPORT-01","—","计划开发"
"INT-D-046","0.7","Discord","通用错误/安全重试原请求","用户或陪玩","请求超时且服务端声明可安全重试","local","OpenAPI v1.0 现行合同","复用原 idempotencyKey 返回同一业务结果，不重复预留、捕获或建任务","资金结果未知时先查询；不可重试时禁用并转客服","原请求权限","REQ-P0-SUPPORT-01;REQ-P0-FUNDS-01","GATE-P0-02","计划开发"
"INT-A-001","0.7","Dashboard","登录后/加载能力","员工","Discord OAuth2 成功且 staff_account 有效","getMyCapabilities","OpenAPI v1.0 现行合同","返回四级 level、权限码、scope、阈值和 step-up 状态并裁剪导航","STAFF_ACCOUNT_REQUIRED；ROLE_ELEVATION_PENDING 保持旧级别","L1_SUPPORT","REQ-P0-RBAC-01","—","计划开发"
"INT-A-002","0.7","Dashboard","运营工作台/八项指标图表","员工","后台会话有效","getDashboardSummary","现有","按 scope 返回八项指标并同屏显示 KPI、资金构成条形图、派单成功率环图和待办健康度","401 跳转登录；错误附 request_id；金额、趋势和下钻数据不由前端补算","L1_SUPPORT","REQ-P0-DASH-01","—","已实现"
"INT-A-003","0.7","Dashboard","任务队列/筛选与刷新","员工","后台会话有效","listStaffTasks","现有","L1 个人、L2 团队、L3/L4 全局分页结果","空数据可清除筛选；403 不返回目标数据","L1_SUPPORT","REQ-P0-RBAC-01;REQ-P0-SUPPORT-01","—","计划开发"
"INT-A-004","0.7","Dashboard","任务详情/打开","员工","对任务有 scope","getStaffTask","现有","展示脱敏上下文、预留、自动化、时间线、频道和可用动作","403 不泄露对象；404 使用统一不可用提示","L1_SUPPORT","REQ-P0-SUPPORT-01;REQ-P0-RBAC-01","—","计划开发"
"INT-A-005","0.7","Dashboard","任务详情/认领","员工","任务 OPEN","claimStaffTask","现有","任务 CLAIMED","CONFLICT：已被其他人员认领并刷新","L1_SUPPORT","REQ-P0-SUPPORT-01","—","计划开发"
"INT-A-006","0.7","Dashboard","任务详情/接管处理","员工","任务已认领或允许主管接管","claimStaffTask","OpenAPI v1.0 现行合同","记录当前处理人、接管理由和自动化状态","CONFLICT：任务已结案；越权提交审批或拒绝","L1_SUPPORT（本人任务）","REQ-P0-AUTOMATION-01","—","计划开发"
"INT-A-007","0.7","Dashboard","任务或订单/暂停自动流程","员工","关键阶段允许暂停且任务已认领","pauseOrderAutomation","OpenAPI v1.0 现行合同","暂停下单后续、派单、取消或完成自动动作；保留预留和订单状态并写审计","重复暂停幂等；CONFLICT 刷新；不自动裁决资金","L1_SUPPORT（本人任务）","REQ-P0-AUTOMATION-01","—","计划开发"
"INT-A-008","0.7","Dashboard","任务或订单/恢复自动流程","员工","自动化 PAUSED、阻塞条件已解除且选择明确 resumeAction","resumeOrderAutomation","OpenAPI v1.0 现行合同","按最新版本恢复 API 自动流程并记录操作者","条件未解除或版本变化返回 CONFLICT；不得跳过审批","L2_SUPERVISOR","REQ-P0-AUTOMATION-01","—","计划开发"
"INT-A-009","0.7","Dashboard","任务详情/核对提交","员工","自己已认领且备注完整","verifyStaffTask","现有","任务 VERIFIED 并进入审批路线","VALIDATION_ERROR 或 CONFLICT","L1_SUPPORT","REQ-P0-SUPPORT-01","—","计划开发"
"INT-A-010","0.7","Dashboard","订单详情/打开与完整时间线","员工","具备订单读取 scope","getAdminOrder","M19/M10 合同","展示需求、逐名有效陪玩就绪、余额摘要、预留/交易/频道/人工动作完整时间线；不显示客户 readiness","403 不泄露数据；404 使用统一不可用提示","L1_SUPPORT","REQ-P0-AUDIT-01;REQ-P0-FUNDS-01","AT-STATE-003","开发中"
"INT-A-010A","1.5","Dashboard","订单列表/客服旁观选秀","员工","候选池已进入 SELECTION 且具备订单读取 scope","listOrderSelectionApplications","M11-US-01","查看报名人数、选秀阶段、客户与语音链接；客服可加入协助但不能代替客户自动终选","无权限不展示；Discord Role 不扩大业务 API scope","L1_SUPPORT","REQ-P0-ORDER-01;REQ-P0-AUDIT-01;SEL-02","AT-SEL-003","计划开发"
"INT-A-011","0.7","Dashboard","订单详情/打开 Discord","员工","具备订单读取 scope","getAdminOrder","OpenAPI v1.0 现行合同","返回受审计且有时效的订单频道链接","频道缺失或越权返回安全错误","L1_SUPPORT","REQ-P0-SUPPORT-01","—","计划开发"
"INT-A-012","0.7","Dashboard","订单详情/客服接管","员工","订单关键阶段允许人工接管","pauseOrderAutomation","OpenAPI v1.0 现行合同","记录接管人、范围、原因和恢复条件；不覆盖订单事实","越权返回 APPROVAL_PENDING；CONFLICT 刷新","L1_SUPPORT（本人任务）","REQ-P0-AUTOMATION-01","—","计划开发"
"INT-A-013","1.5","Dashboard","订单详情/人工转派","员工","订单允许转派且目标陪玩符合资格","reassignOrder","现有","替换指定正式参与席位并同步频道权限、逐名 readiness 和时间线；不改变其他席位","L1 返回 APPROVAL_PENDING；目标不合格；CONFLICT 刷新","L2_SUPERVISOR","REQ-P0-AUTOMATION-01;ORD-04","—","现行合同"
"INT-A-014","0.7","Dashboard","订单详情/退款或释放","员工","存在可退款捕获或可释放预留且金额合法","refundOrder","现有","按事实追加退款交易；未捕获金额走释放，不覆盖原记录","L1 提交审批；超限升级；未知结果保持 EXCEPTION","L2_SUPERVISOR（≤50000 CAT subunits）","REQ-P0-FUNDS-01;REQ-P0-AUDIT-01","GATE-P0-02","计划开发"
"INT-A-015","0.7","Dashboard","订单详情/异常结案","员工","原因码、捕获/释放分配、收益和证据完整","resolveOrder","现有","原子追加结案、部分捕获、释放、退款、收益 Adjustment 和审计","APPROVAL_PENDING；金额越界；CONFLICT；第三方结果未知","L2_SUPERVISOR（限额内）","REQ-P0-FUNDS-01;REQ-P0-AUDIT-01","GATE-P0-02","计划开发"
"INT-A-016","0.7","Dashboard","用户详情/查看消费","员工","具备用户读取 scope","listAdminUserConsumptions","现有","分页展示订单、礼物、释放、退款与 Adjustment；推荐来源字段不返回","403；空数据；错误附 request_id","L1_SUPPORT","REQ-P0-PRIVACY-01;REQ-P0-AUDIT-01","—","计划开发"
"INT-A-017","0.7","Dashboard","用户详情/添加风险标记","员工","用户存在且原因完整","createUserRiskFlag","现有","追加风险标记和审计，不自动暂停账户","L1 禁用；重复标记返回现有记录","L2_SUPERVISOR","REQ-P0-RBAC-01","—","计划开发"
"INT-A-018","0.7","Dashboard","用户详情/暂停账户","员工","用户 ACTIVE 且原因完整","setUserOperationalStatus","现有","用户进入 PAUSED；保留历史数据和审计","L1/L2 提交审批；CONFLICT 刷新","L3_OPERATIONS","REQ-P0-RBAC-01","—","计划开发"
"INT-A-019","0.7","Dashboard","陪玩详情/编辑运营标签","员工","标签在配置集合内","updatePlayerOperationalTags","现有","更新派单标签并记录操作者","L1 禁用；VALIDATION_ERROR 标注无效标签","L2_SUPERVISOR","REQ-P0-PLAYER-01;REQ-P0-RBAC-01","GATE-P0-04","计划开发"
"INT-A-020","0.7","Dashboard","陪玩详情/暂停或恢复","员工","陪玩 ACTIVE 或 PAUSED 且无冲突","setPlayerOperationalStatus","现有","准入状态更新并影响派单资格","L1/L2 提交审批；CONFLICT 刷新","L3_OPERATIONS","REQ-P0-PLAYER-01;REQ-P0-RBAC-01","GATE-P0-04","计划开发"
"INT-A-021","0.7","Dashboard","陪玩详情/审核通过","员工","陪玩 PENDING_REVIEW 且标签完整","approvePlayer","现有","陪玩 ACTIVE，可进入候选筛选","L1/L2 不可执行；校验失败保持原状态","L3_OPERATIONS","REQ-P0-PLAYER-01;REQ-P0-RBAC-01","GATE-P0-04","计划开发"
"INT-A-022","0.7","Dashboard","服务目录/新建版本","员工","双价格、单位和最低数量完整","createServiceCatalogVersion","现有","创建不可覆盖的新版本","价格不完整不得上架；L2 禁用","L3_OPERATIONS","REQ-P0-CATALOG-01","—","计划开发"
"INT-A-023","0.7","Dashboard","服务目录/上下架","员工","目标版本存在且 expectedVersion 匹配","updateServiceCatalogVersion","现有","状态更新；历史订单仍引用原快照","CONFLICT 刷新；下架不删除历史","L3_OPERATIONS","REQ-P0-CATALOG-01","—","计划开发"
"INT-A-024","0.7","Dashboard","礼物审批/查询","员工","具备任务或礼物读取 scope","listAdminGiftRequests","现有","展示预留状态、有效期、核对、捕获和播报状态","L1 仅核对；错误附 request_id","L1_SUPPORT","REQ-P0-GIFT-01;REQ-P0-RBAC-01","GATE-P0-02","计划开发"
"INT-A-025","0.7","Dashboard","礼物审批/批准并捕获","员工","VERIFIED、预留有效、余额复核通过、金额在权限内","approveGiftRequest","现有","捕获预留一次并进入 CAPTURED，创建消费和 Outbox","超权限返回 APPROVAL_PENDING；预留过期或余额变化不捕获","L2_SUPERVISOR（≤200000 CAT subunits）","REQ-P0-GIFT-01;REQ-P0-FUNDS-01","GATE-P0-02","计划开发"
"INT-A-026","0.7","Dashboard","失败播报/重试","员工","礼物 CAPTURED 且 Outbox FAILED","retryOutboxJob","OpenAPI v1.0 现行合同","只重试消息并更新 ANNOUNCED；不重复捕获","任务正在运行时返回 CONFLICT","L2_SUPERVISOR","REQ-P0-GIFT-01;REQ-P0-SUPPORT-01","—","计划开发"
"INT-A-027","0.7","Dashboard","收益计划/查询事实","员工","具备收益读取 scope","listAdminCommissions","OpenAPI v1.0 现行合同","L3/L4 分页展示计划、受益人、脱敏来源、净基数、金额、状态和 Adjustment","L1 隐藏；L2 仅任务级有限结果且不返回受益人/金额","L2_SUPERVISOR（有限）","REQ-P0-REFERRAL-01;REQ-P0-PRIVACY-01","—","计划开发"
"INT-A-028","0.7","Dashboard","收益计划/绑定老板带新","员工","PROMOTER_FIRST_PURCHASE 资格通过且无有效来源","createReferralAttribution","OpenAPI v1.0 现行合同","创建唯一互斥关系；结算一次后永久结束","自荐、重复账号、绑定过晚或已存在来源拒绝并审计","L3_OPERATIONS","REQ-P0-REFERRAL-01","—","计划开发"
"INT-A-029","0.7","Dashboard","收益计划/绑定陪玩来源","员工","PLAYER_LIFETIME 资格通过且无有效来源","createReferralAttribution","OpenAPI v1.0 现行合同","创建唯一互斥的长期陪玩来源关系","自荐、重复账号、冲突来源或资格不足拒绝并审计","L3_OPERATIONS","REQ-P0-REFERRAL-01","—","计划开发"
"INT-A-030","0.7","Dashboard","PROMOTER_FIRST_PURCHASE/管理计划","员工","具备计划管理权限且 step-up 满足策略","updatePolicySetting","OpenAPI v1.0 现行合同","创建固定额或首笔净消费百分比的新配置版本","影响历史结算的修改被拒绝；CONFLICT 刷新","L3_OPERATIONS","REQ-P0-REFERRAL-01","—","计划开发"
"INT-A-031","0.7","Dashboard","PLAYER_LIFETIME/管理计划","员工","具备计划管理权限且 step-up 满足策略","updatePolicySetting","OpenAPI v1.0 现行合同","创建净订单和/或净礼物长期比例的新配置版本","影响历史结算的修改被拒绝；CONFLICT 刷新","L3_OPERATIONS","REQ-P0-REFERRAL-01","—","计划开发"
"INT-A-032","0.7","Dashboard","收益事实/确认或标记发放","员工","收益状态允许迁移","updateCommission","现有","追加状态事件和审计","CONFLICT；不得删除或覆盖原收益","L3_OPERATIONS","REQ-P0-REFERRAL-01;REQ-P0-AUDIT-01","—","计划开发"
"INT-A-033","0.7","Dashboard","收益事实/查看 Adjustment","员工","具备收益审计权限","getCommissionConfidential","OpenAPI v1.0 现行合同","返回非负 absolute amount、type、原因和关联退款/结案","L1/L2 不返回；404 不泄露对象","L3_OPERATIONS","REQ-P0-REFERRAL-01;REQ-P0-AUDIT-01","—","计划开发"
"INT-A-034","0.7","Dashboard","高风险业务/提交升级处理","员工","操作人具备对应执行权限，但礼物、退款或订单决议超当前金额边界","approveGiftRequest;refundOrder;resolveOrder","现有","对应业务 API 根据服务端对象创建唯一待处理请求，并锁定对象版本、金额和预留状态","客户端不能自行创建或改写审批快照；L1 只通过客服任务提交建议；重复提交返回已有请求；对象变化后失效","L2_SUPERVISOR","REQ-P0-RBAC-01","—","计划开发"
"INT-A-035","0.7","Dashboard","审批详情/批准","员工","当前等级不低于 required_level、对象与预留版本未变","approveApprovalRequest","现有","允许同一人发起并幂等执行原动作，记录完整决定与审计","409 对象变化；428 step-up；权限不足则保持待处理","required_level（累积继承）","REQ-P0-RBAC-01;REQ-P0-AUDIT-01","—","计划开发"
"INT-A-036","0.7","Dashboard","审批详情/拒绝","员工","达到 required_level 且原因完整","rejectApprovalRequest","现有","审批 REJECTED 并通知申请人；若业务要求则释放预留","PERMISSION_DENIED 或 CONFLICT","required_level","REQ-P0-RBAC-01","—","计划开发"
"INT-A-037","0.7","Dashboard","权限管理/更新 Role 映射","员工","近期 step-up 有效且映射合法","updateDiscordRoleMapping","现有","创建新映射版本并触发全量对账","VALIDATION_ERROR；CONFLICT；不直接越级授权 L3/L4","L4_ADMIN_OWNER","REQ-P0-RBAC-01","—","计划开发"
"INT-A-038","0.7","Dashboard","权限管理/确认 L3 或 L4 升级","员工","ROLE_ELEVATION_PENDING 且操作者不是升权目标账号","approveStaffRoleElevation","现有","更新内部有效级别、permissionsVersion 并撤销旧会话","目标账号确认自身升权会被拒绝；Role 已移除时返回 CONFLICT","L4_ADMIN_OWNER","REQ-P0-RBAC-01","—","计划开发"
"INT-A-039","0.7","Dashboard","权限管理/人工降权或撤权","员工","目标不是唯一 bootstrap 管理员且原因完整","updateStaffRole","现有","降低内部级别并立即撤销权限","禁止绕过 Role 首次升级规则；CONFLICT 刷新","L4_ADMIN_OWNER","REQ-P0-RBAC-01","—","计划开发"
"INT-A-040","0.7","Dashboard","权限管理/撤销会话","员工","目标 staff_account 存在","revokeStaffSessions","现有","全部后台会话立即失效","重复执行返回已撤销状态","L4_ADMIN_OWNER","REQ-P0-RBAC-01","—","计划开发"
"INT-A-041","0.7","Dashboard","周期结算/预览与生成","员工","具备 settlement.manage 且周期、截止时间和币种完整","previewSettlementBatch;createSettlementBatch","现有","显示服务端计算的批次预览或生成 DRAFT 批次；金额不由客户端汇总","VALIDATION_ERROR 就地保留输入；失败显示 request_id","L3_OPERATIONS","M6-SPEC-§4;REQ-P0-AUDIT-01","—","已实现"
"INT-A-042","0.7","Dashboard","周期结算/复核、导出、登记结果与作废","员工","批次状态允许且权限、step-up、版本满足合同","submitSettlementBatch;approveSettlementBatch;exportSettlementBatch;recordSettlementPaymentResults;voidSettlementBatch","现有","按服务端能力显示动作；支付失败项可重试，导出只读，作废追加审计","403/409/428 或部分失败显示 request_id，不覆盖原支付事实","L2_SUPERVISOR（读取）；L3/L4（操作）","M6-SPEC-§4;REQ-P0-AUDIT-01","—","已实现"
"INT-A-043","0.7","Dashboard","周期周报/浏览与导出","员工","具备 weekly_report.read 且在可信 Guild scope","listAdminWeeklyReports;exportAdminWeeklyReport","现有","分页展示当前周报修订并下载服务端 CSV","空列表显示空态；403/错误不泄露跨 Guild 报告并显示 request_id","L2_SUPERVISOR","M6-SPEC-§5;REQ-P0-PRIVACY-01","—","已实现"
"INT-A-044","0.8","Dashboard","客户 Profile/统计与余额模块","员工","具备 customer_profile.read 且目标满足同一 customer scope predicate","getAdminCustomerProfileSummary","M7 合同","30/90/全部窗口显示订单、退款、消费均额及内部 CAT 账本余额；available 不得为负数","余额模块失败独立显示 error/request_id，其他模块继续可用","L1_SUPPORT（已分配对象）；L2_SUPERVISOR（组织范围）","M7-SPEC-§10;REQ-P0-PRIVACY-01","—","计划开发"
"INT-A-045","0.7","Dashboard","客户 Profile/订单与资金分页","员工","摘要、订单、资金入口使用同一对象 scope predicate","listAdminCustomerOrders;listAdminUserConsumptions","现有","订单与资金独立分页；只显示白名单字段和 L2 脱敏内部备注","未分配对象统一不可用；单模块失败显示 request_id；不返回推荐、受益人、比例、佣金、利润或陪玩收益","L1_SUPPORT（已分配对象）；L2_SUPERVISOR（组织范围）","M6-SPEC-§6;REQ-P0-PRIVACY-01","—","已实现"
"INT-D-047","0.8","Discord","我的服务中心/个人中心","用户","可信 DISCORD_BOT Actor 且 Guild 一致","getCurrentUserProfileSummary","M7 合同","ephemeral 展示内部 CAT 余额、预留、可用、进行中订单、累计订单/礼物消费和 calculatedAt；目标用户仅由 Actor 解析","跨人统一 404；失败显示 unavailable 与 request_id；不返回内部备注、风险、利润、陪玩收益或返佣事实","当前用户","M7-SPEC-§10;REQ-P0-PRIVACY-01","GATE-P0-02","计划开发"
"INT-D-048","0.7","Discord","个人中心/我的订单与消费分页","用户","个人中心已打开","listCurrentUserOrders;listCurrentUserConsumptions","现有","API 签发资源绑定的紧凑 HMAC cursor，Bot 原样放入 ≤100 custom ID；多实例/重启可验签，ephemeral 分页且不在 Bot 汇总金额","cursor 缺失、跨资源或篡改返回 400/request_id；消费仅可信 Actor Guild；不接受 target userId","当前用户","M6-SPEC-§6.2;REQ-P0-AUDIT-01","—","已实现"
"INT-D-049","0.8","Discord","个人中心/联系客服充值与刷新余额","用户","个人中心已打开","getCurrentUserProfileSummary","M7 合同","展示受控客服入口；客服核对收据并在 Dashboard 充值后，刷新重新调用统一 API","客服入口本身不代表到账；余额查询失败显示 request_id；不创建长期个人频道","当前用户","M7-SPEC-§7;§10;REQ-P0-FUNDS-01","GATE-P0-02","计划开发"
"INT-A-051","0.8","Dashboard","客户钱包/人工充值","员工","客户钱包有效且充值必填字段完整","createAdminTopUp","M7 合同","显示确认预览；成功后 TopUp 与贷记流水立即到账；附件可选","字段错误就地保留；L1 超过 500000 返回权限拒绝；重复渠道交易号拒绝并显示 request_id","L1_SUPPORT（≤500000）；L2_SUPERVISOR（>500000）","M7-SPEC-§5-7;REQ-P0-AUDIT-01","GATE-P0-02","计划开发"
"INT-A-052","0.8","Dashboard","客户钱包/渠道退款扣款","员工","外部渠道退款已完成且必填字段完整","createAdminExternalRefundDebit","M7 合同","预览 availableMinor；成功后追加渠道退款证据和借记流水","amountMinor 大于 availableMinor 时原子拒绝；不允许负余额；错误附 request_id","L2_SUPERVISOR","M7-SPEC-§5;§8-9;REQ-P0-AUDIT-01","GATE-P0-02","计划开发"
"INT-A-053","0.8","Dashboard","客户钱包/凭证与流水","员工","具备 wallet.read 且客户在 scope 内","listAdminWalletEntries;createReceiptAttachment;getReceiptAttachmentContent","M7 合同","分页显示只追加流水；可选上传图片/PDF；下载要求授权","不支持类型、超限、哈希不符或越权时拒绝并审计写尝试","L1_SUPPORT","M7-SPEC-§6-7;§9","—","计划开发"
"INT-D-050","0.7","Discord","陪玩工作台/我的周报列表与详情","陪玩","可信 Actor 可解析当前 PlayerProfile","listCurrentPlayerWeeklyReports;getCurrentPlayerWeeklyReport","现有","ephemeral 分页展示本人周报专用白名单 DTO；待确认、可结算、已入批次分开显示","跨人报告与不存在报告统一 404；不返回 Guild/player/schedule、修订员工/原因、源事实订单 ID 或内部 issues；错误显示 request_id","当前陪玩","M6-SPEC-§5;REQ-P0-PRIVACY-01","—","已实现"
"INT-D-051","0.7","Dashboard","陪玩列表/设置项目分成","L3/L4","陪玩与服务项目存在","listPlayerCompensation;upsertPlayerCompensationBatch","M9-US-10","以始终可见的项目列表同时展示每个项目的个人分成与项目默认分成；输入即时缓存为窗口草稿，点击提交后弹出汇总所有已改项目、原分成、新分成与修改方式的确认窗口，二次确认后原子批量保存","取消确认或关闭窗口不写入；任一版本冲突或校验失败时整批不写入；金额超过客户单价拒绝；不追溯历史订单","运营","EAR-01;CAT-03","AT-COMP-001;AT-COMP-002","开发中"
"INT-D-052","0.7","Dashboard","服务目录与礼物目录/删除","L3/L4","目录项目存在且未归档","updateServiceCatalogVersion;updateGiftCatalogItem","M9-US-11","操作列显示删除按钮；确认面板说明仅归档且要求原因码；成功后项目从列表移除","版本冲突提示刷新；历史引用不阻止归档且不被改写；无物理删除","运营","CAT-03;AUD-02","AT-ARC-001;AT-ARC-002","开发中"
"INT-S-001","2.0","Bot/Worker 内部","Discord Role 可靠同步","Sapphire Listener / 周期 Worker","guildMemberUpdate、启动或默认 5 分钟周期触发","queueDiscordRoleSync;syncDiscordRoles","现有","观测持久化入队并最多尝试 8 次；L1/L2 自动同步；L3/L4 生成待确认升级；降级立即撤权","服务鉴权或 Discord 失败保留队列错误并继续重试；不采信前端自报 Role","Bot 服务身份","REQ-P0-RBAC-01","AT-ROL-001;AT-ROL-004","已实现"
"INT-D-054","0.9","Discord","客户钱包与消费 CAT 展示","用户","可信 DISCORD_BOT Actor 且资金响应 currency=CAT","getMyServiceCenter;getCurrentUserProfileSummary;listCurrentUserConsumptions","M9 现行合同","钱包、订单、礼物、消费、取消和退款金额按 10 subunits = 1 CAT 固定显示猫条/CAT，不读取展示配置","旧钱包名称、符号或比例配置在 Bot 登录前失败；充值付款回执之外不显示 USD/$ 或并排换算","当前用户","M9-SPEC-§3;REQ-P0-FUNDS-01","GATE-P0-02","已实现"
"INT-A-054","0.9","Dashboard","员工内部资金使用 CAT","员工/陪玩","具备原操作权限或当前 Player Actor","createAdminTopUp;createAdminExternalRefundDebit;listCurrentPlayerWeeklyReports","M9 现行合同","Dashboard 钱包、目录、审批、陪玩收益、返佣、周报和结算应付均显示 CAT；充值表单单独录入 USD cents receipt，结算可同时显示线下实际支付 USD 辅助值","除充值付款证据和结算线下支付辅助外，不显示 USD/$ 或可配置代币","既有权限矩阵","M9-SPEC-§3;REQ-P0-FUNDS-01","GATE-P0-02","计划开发"
"INT-A-055","1.0","Dashboard","业务标签库/创建与停用","L3/L4 员工","具备 catalog.manage；无需近期 step-up","listBusinessTags;createBusinessTag;updateBusinessTag","M9-US-08","按类型管理稳定代码、展示名和启用状态；停用保留历史引用","重复代码、代码修改、硬删除、错误类型或陈旧版本返回验证/冲突错误","L3_OPERATIONS","TAG-01","—","开发中"
"INT-A-056","1.0","Dashboard","服务目录与陪玩审批/受控标签选择","员工","标签库已载入且具备原业务操作权限；服务目录维护无需近期 step-up","createServiceCatalogVersion;updateServiceCatalogVersion;approvePlayer;updatePlayerOperationalTags","M9-US-08","游戏、服务和语言使用复选多选；已批准陪玩可回显并编辑支持范围；现有服务项目编辑时回填当前值并创建替代版本","标签停用、类型错误或版本陈旧时 API 拒绝；不退回自由文本或原地改写历史版本","既有权限矩阵","TAG-01;ONB-02","—","开发中"
"INT-A-057","1.0","Dashboard","礼物目录/选择分类与编辑","员工","GIFTS 已启用且具备 gift_catalog.manage；无需近期 step-up","createGiftCatalogItem;updateGiftCatalogItem","M9-US-08","从已启用礼物分类中选择稳定 ID；现有礼物编辑时回填名称、分类、价格、模板和状态并创建替代版本","分类停用、类型错误或版本陈旧时拒绝；历史礼物仍可读取且不被原地改写","L3_OPERATIONS","TAG-01","—","开发中"
"INT-A-058","1.1","Discord","玩家入口/开始找陪玩","客户","已配置玩家入口频道和私密订单分类；允许新订单","createOrder;recoverOrderChannel","M9-US-09","常驻消息显示开始找陪玩；点击后创建仅客户、Bot、客服可见的订单频道和订单面板；客户明确无管理频道权限，客服可管理","已有活跃订单且频道存在时回到原频道；频道已删除时原子回写新频道与面板并恢复订单；API 失败时清理临时频道并返回 request_id","已注册玩家","ONB-01;ORD-03","—","开发中"
"INT-D-059","1.5","Discord","选秀开始/语音与客服通知","客户;报名陪玩;客服","候选池 SELECTION；已配置私密订单分类、客服任务频道及客服 Role 映射","closeOrderSelectionPool","M11-US-01","Worker 创建或恢复 user_limit=0 的选秀语音房；客户、全部报名者及 L1-L4 Role 可进入；终选后创建 Service 房，先移动客户再移动入选陪玩；客服协调卡同时提供两个入口","Discord 或数据库失败由 Outbox 重试；以候选池和稳定 nonce 防止重复房间及通知；终选后撤销未入选权限，旧选秀房清空后自动删除","客户;报名陪玩;L1_SUPPORT-L4_ADMIN_OWNER","ORD-03;AUD-02;SEL-02","AT-SEL-003;AT-SEL-006","计划开发"
"INT-A-060","1.1","Dashboard","订单详情/逐陪玩项目与价格","L1-L4 员工","L1 已认领订单任务或 L2+ 在同 Guild；订单资金未捕获","listAdminOrderParticipants;addAdminOrderParticipant;updateAdminOrderParticipant","M10-US-03","分页搜索并逐项增删陪玩、为每人独立选择服务项目、数量和价格；展示游戏/服务/地区快照、姓名、分成规则、个人覆盖或项目默认来源、预计收益和服务端派生总价","余额不足、项目失效、陪玩失效、版本冲突或资金已捕获时整次拒绝并刷新；不提供总价输入","L1_SUPPORT（已认领）；L2_SUPERVISOR（Guild 范围）","ORD-04;FUND-06;EAR-02","AT-MULTI-001;AT-MULTI-002","计划开发"
"INT-D-061","1.5","Discord","多项目订单需求编排器","客户","已绑定账户；本人 DRAFT 即时订单","listOrderRequirements;addOrderRequirement;updateOrderRequirement;submitOrder","M10-US-07;M11-US-05","逐条选择项目、计费数量和所需人数；分页查看、修改或移除；确认页展示服务端报价，提交后展示“开始招募”按钮，不收集等待分钟数","空清单、失效目录、陈旧版本或余额不足时保持草稿并刷新；Bot 不计算价格、不指定陪玩、不提前生成参与者","客户本人","ORD-04;FUND-06;SEL-01","AT-MULTI-006;AT-MULTI-007;AT-SEL-001","计划开发"
"INT-D-061","1.1","Discord","订单面板/陪玩就绪","当前有效陪玩","订单 ACCEPTED，或服务开始后新增且本人未就绪","setOrderReadiness","M10-US-04","仅当前陪玩确认本人就绪；客户无就绪按钮；首次开始要求全部有效陪玩已就绪，服务中新增不倒退状态但未全员就绪不能结账","重复提交幂等；移除后立即重算；超时建客服任务；越权不泄露订单人员","订单有效陪玩","READY-02;ORD-04","AT-MULTI-003","计划开发"
"INT-D-062","1.1","Discord","订单礼物/多选接收陪玩","客户","订单处于礼物窗口且至少一名有效陪玩","createOrderGiftRequest","M10-US-05","分页展示订单内有效陪玩并支持跨页多选；确认页显示礼物单价、人数和单价乘人数总额","任一选择失效、余额不足或版本冲突时零写入并刷新；不允许输入 receiverId","订单所有者","GIFT-02;FUND-06","AT-MULTI-005","计划开发"
"INT-D-063","1.2","Discord","套餐订单编排器","客户","已绑定账户；本人 DRAFT 即时订单；至少一个启用套餐","listServicePackages;previewServicePackage;applyServicePackage;updateOrderRequirement;submitOrder","M10-US-08","选择套餐后预览默认逐席位阵容和服务端报价；应用后可单独修改任一席位项目、数量与备注，也可转自由搭配；确认页标识默认套餐或已自定义","套餐或目录失效、陈旧订单版本、展开失败时草稿零变更并刷新；Bot 不硬编码套餐、不计算折扣或改单价","订单所有者","ORD-04;FUND-06","AT-MULTI-008;AT-MULTI-009","计划开发"
"INT-A-064","1.2","Dashboard","套餐版本管理","L3-L4 员工","有效员工会话；至少一个启用服务目录版本","listAdminServicePackages;createAdminServicePackageVersion;updateAdminServicePackageVersionStatus","M10-US-08","查看草稿/启用/已退役版本；按顺序添加独立席位并选择服务项目、单位数和默认偏好；套餐总价按席位目录单价乘计费单位数实时只读显示且不得输入；创建草稿或立即发布；发布新版本原子退役旧启用版本","任一项目失效、版本冲突或审计失败时零写入；不原地编辑或删除历史版本；API 校验并固化套餐汇总价，Dashboard 不提交套餐价格、不计算订单价格或陪玩分成","L3_OPERATIONS;L4_OWNER","AUD-02;ORD-04","AT-MULTI-014","计划开发"
"INT-D-065","1.4","Discord","按游戏点菜式订单菜单","客户","已绑定账户；本人 DRAFT 即时订单；至少一个启用游戏服务","listServices;listServicePackages;previewServicePackage;applyServicePackage;addOrderRequirement;updateOrderRequirement","M10-US-09","四步流程固定为选择游戏、同游戏套餐或单点预览、按游戏分组编辑清单、最终确认；套餐逐席位仅可同游戏换项；返回游戏选择可新增另一游戏的独立单点需求","无可售项目、跨游戏改写既有席位、目录失效或陈旧版本时保持草稿并刷新；任一定制清零套餐调价且由 API 重算；Bot 不提前指定陪玩","订单所有者","ORD-04;FUND-06","AT-MULTI-011;AT-MULTI-013","计划开发"
"INT-A-066","1.3","Dashboard","单游戏套餐版本管理","L3-L4 员工","有效员工会话；至少一个启用服务目录版本","listAdminServicePackages;createAdminServicePackageVersion;updateAdminServicePackageVersionStatus","M10-US-09","按游戏筛选目录并创建套餐；页面展示 API 派生的套餐游戏归属，所有有序席位只能选择同游戏项目","混合游戏、项目失效、稳定套餐游戏不一致、并发或审计失败时原子零写入","L3_OPERATIONS;L4_OWNER","AUD-02;ORD-04","AT-MULTI-012","计划开发"
"INT-D-067","1.5","Discord","订单面板/开始、恢复与终止招募","客户","订单 PENDING_DISPATCH；可信 Actor 为订单所有者","getCurrentOrderSelectionPool;createOrderSelectionPool;closeOrderSelectionPool","M11-US-05","刷新时读取当前活动池：无活动池恢复“开始招募”按钮，COLLECTING 恢复当前报名者 Discord mention 名单和“终止招募”按钮；SELECTION 阶段允许客户显式携带旧池版本放弃本轮候选并重新开始招募；创建后只固化开始时间和版本并保留原 FundReservation","陈旧订单或池版本、已有未明确替换的活动池时零写入并刷新；时间流逝不得关闭招募；不创建第二笔预留；mention 可点击但 allowed_mentions.parse 为空","订单所有者","SEL-01;FUND-06","AT-SEL-001;AT-SEL-005;AT-SEL-007","计划开发"
"INT-D-068","1.5","Discord","派单频道/报名选秀与撤回","陪玩","候选池 COLLECTING；内部审批 ACTIVE、同 Guild 且需求标签匹配","applyToOrderSelectionPool;withdrawOrderSelectionApplication","M11-US-05","报名绑定仍空缺需求并私密确认；可跨多个订单报名；客户终止招募前可撤回；不创建正式参与人；终止后原报名卡更新为已结束并移除报名组件","不使用 ONLINE、AVAILABLE 或其他报名作为门禁；失效需求或已终止返回私密刷新提示；Discord 更新失败由 Outbox 重试","已审批陪玩","SEL-01","AT-SEL-002;AT-SEL-003;AT-SEL-007","计划开发"
"INT-D-069","1.5","Discord","订单面板/终止招募","客户","本人活动候选池为 COLLECTING","closeOrderSelectionPool","M11-US-05","客户端只提交池版本；API 由服务端记录 CUSTOMER_STOPPED 并幂等进入 SELECTION，触发语音权限同步和客服频道通知","陈旧池版本刷新；时间流逝和旧截止任务不得关闭；零报名仍进入结果面板但不自动续轮或取消","订单所有者","SEL-01;AUD-02","AT-SEL-001;AT-SEL-003;AT-SEL-007","计划开发"
"INT-D-070","1.5","Discord","选秀阶段/订单语音与客服通知","客户;报名陪玩;客服","候选池 SELECTION","closeOrderSelectionPool","M11-US-01","Worker 创建或恢复 user_limit=0 的订单选秀语音；客户与本轮有效报名者可见可进入；客服频道发送一次订单、客户、候选数和语音链接","Discord 失败由 Outbox 重试且不开始服务或计费；超过阈值创建唯一客服任务","客户;本轮报名陪玩;L1_SUPPORT-L4_ADMIN_OWNER","SEL-02;AUD-02","AT-SEL-003","计划开发"
"INT-D-071","1.5","Discord","订单面板/分页候选池","客户","候选池 SELECTION","listOrderSelectionApplications;createOrderSelectionPool","M11-US-05","按需求分页展示本轮有效候选公开资料并跨页维护选择篮子；从确认页返回时重新渲染未选择的候选组件；客户可显式放弃本轮候选并点击按钮重新开始招募；完整名单只对客户和有权限客服可见","越权不泄露报名身份；候选失效或池版本陈旧时刷新；不展示内部审核原因或排名；不得自动续轮","订单所有者","SEL-02;REQ-P0-PRIVACY-01","AT-SEL-004;AT-SEL-005;AT-SEL-006;AT-SEL-007","计划开发"
"INT-D-072","1.5","Discord","订单面板/确认本轮入选陪玩","客户","候选池 SELECTION 且至少选择一名有效报名者","finalizeOrderSelectionPool","M11-US-01","原子创建正式参与人和分成快照；部分席位保留已选并可为缺口开新池；全部填满才 ACCEPTED","任一选择失效、容量冲突或陪玩已被其他订单选中时整次零写入并刷新","订单所有者","SEL-02;ORD-04;EAR-02","AT-SEL-004;AT-SEL-005","计划开发"
"INT-D-073","1.5","Discord","陪玩工作台/接单状态退役","陪玩","已绑定且内部审批状态可读","—","M11-US-01","不再展示或设置 ONLINE/AVAILABLE 接单状态；工作台展示可报名候选池、本人报名及正式订单","Discord presence 仅可作为非授权观测，不影响通知、报名、候选展示或最终选择","陪玩","SEL-01","AT-SEL-002","计划开发"
"INT-D-074","1.5","Discord","派单频道/数字 Reaction 报名卡","陪玩","候选池 COLLECTING；单卡含一至九个需求；内部审批 ACTIVE、同 Guild 且需求标签匹配","observeOrderSelectionReaction","M11-US-06","Worker 按稳定需求顺序在同一张公开卡展示 1️⃣–9️⃣ 并由 Bot 添加对应 Reaction；陪玩添加数字 Reaction 报名映射项目，移除该 Reaction 仅撤回该项目；可同时报名多个项目或订单","API 仅按已持久化 messageId 与 emoji 解析映射；未知消息、非数字 Reaction、失效需求或已结束池不写业务事实；失败时移除无法确认的新增 Reaction 并私密提示","已审批陪玩","SEL-01;AUD-02","AT-SEL-008","计划开发"
"INT-D-075","1.5","Discord","Bot 启动/活动 Reaction 卡对账","Bot 服务身份","同 Guild 存在已持久化活动报名卡；Bot 可读取消息 Reaction 用户","listActiveOrderSelectionReactionCards;observeOrderSelectionReaction","M11-US-06","Bot 重启后读取服务端活动卡与当前有效报名者，拉取 Discord Reaction 用户并逐项补交缺失的 ADDED 或 REMOVED 观测；重复观测保持幂等","消息缺失或 Discord/API 暂时失败时不猜测映射、不直接改库，由重试恢复并记录可追踪错误；数据库仍是授权后的业务事实来源","受限 Bot 服务身份","SEL-02;OPS-01","AT-SEL-008","计划开发"
"INT-D-076","1.5","Discord","派单频道/招募与流单状态图","陪玩","订单首次开始招募或订单客户已真正取消整单","createOrderSelectionPool;cancelOrder","M11-US-06","新订单先发送黑猫主题“正在派单”图片，再发送原报名 Embed；订单进入 CANCELLED 后追加同主题“本单流单”图片；两种图片均按订单幂等","终止招募只进入 SELECTION，不发送流单图；重试、重启、后续轮次不重复图片；图片失败由 Outbox 重试且不改变业务状态或 Embed","派单频道可见用户","SEL-01;OPS-01","AT-SEL-009","计划开发"
"INT-A-067","1.5","Dashboard","六类业务卡片详情","L1-L4 员工","具备对应 read 权限且对象在可信 scope 内","getAdminUser;getAdminPlayer;getAdminServiceCatalogVersion;getAdminServicePackageVersion;getAdminGiftCatalogItem;getAdminGiftRequest","M4-US-03 详情补齐","每个卡片单独读取足量详情投影；用户和陪玩返回身份、状态、可读标签及时间；服务和礼物目录返回完整不可变版本与审计元数据；套餐返回价格与有序席位；礼物请求返回订单、双方身份、预留、审核、捕获与播报时间线","403/404 不泄露对象；不得用列表快照或客户端默认值伪造缺失事实；presence 只作诊断展示且不影响报名资格；礼物详情不泄露预留幂等键或钱包账本内部字段","对应既有 read 权限与 L1 个人任务 scope","OPS-02;TAG-01;ORD-04;FUND-06","AT-DTL-001","开发中"
"INT-A-068","1.6","Dashboard","客服工作台/上班与下班","L1/L2 客服","ACTIVE staff_account；下班时无本人 CLAIMED 任务","getMySupportShift;clockInSupportShift;clockOutSupportShift","M12-US-02","记录当前班次；重复点击幂等；打卡不改变查看、认领或 Discord 首响权限","有本人未结任务时提示先处理；L3/L4 不显示打卡动作","L1_SUPPORT;L2_SUPERVISOR","SUP-10","AT-SUP-010","计划开发"
"INT-A-069","1.6","Dashboard","客服工作台/最近30天简单列表","员工","具备 dashboard.view 且 Actor Guild 有效","getSupportSummary","M12-US-02","按客服显示当前班次、累计时长、订单级任务数、5分钟超时数、评分数与平均分，并单列未认领超时","空数据展示零或 null；不导出、不返回 transcript 正文、客户敏感信息或参与人私密事实","L1本人;L2+同Guild scope","SUP-10","AT-SUP-013","计划开发"
"INT-D-070","1.6","Discord + Dashboard","订单频道首响/自动认领","L1-L4 ACTIVE 员工","订单存在等待首响的订单级 StaffTask；消息为非 Bot 且有正文或附件","appendOrderChannelMessageEvent;claimStaffTask","M12-US-03","真实首响结束计时；订单无负责人时自动认领最早 OPEN 任务，Dashboard 刷新后进入该员工的已认领列表","已有 CLAIMED/PENDING_APPROVAL 负责人时不覆盖；并发首响按订单串行；非 ACTIVE 员工、Bot、空消息和编辑不触发","L1_SUPPORT-L4_ADMIN_OWNER","SUP-10;AUD-02","AT-SUP-011","计划开发"
"INT-D-071","1.6","Discord","订单完成/客服体验评分","客户","订单 COMPLETED；24小时内；订单存在真实客服首响；尚未评价","createOrderSupportRating","M12-US-04","现行多陪玩资金完成后独立展示1-5分；一单一次；1-2分选择受控原因，OTHER 补充文字","评分失败不回滚完单、资金捕获或逐人收益；过期或重复提交返回可理解提示","订单所有者","SUP-10;FUND-06","AT-SUP-012","计划开发"
"INT-A-070","1.7","Dashboard","七类业务集合/排序","L1-L4 员工","具备对应 read 权限且 Actor Guild/scope 有效","listAdminOrders;listAdminUsers;listAdminPlayers;listServiceCatalogVersions;listAdminServicePackages;listAdminGiftCatalogItems;listAdminGiftRequests","M13-US-01","按资源白名单选择 sortBy 和 sortDirection；API 在筛选与 scope 内执行稳定全局排序并返回绑定查询的游标；改变排序从第一页重新加载","未知排序或与当前资源、筛选、Guild、scope 不匹配的游标返回 400 并安全回第一页；禁止仅重排浏览器当前页","对应既有 read 权限","LST-01;ACCESS-02","AT-LST-001;AT-LST-002;AT-LST-003;AT-LST-005;AT-LST-008","合同已冻结，运行时待开发"
"INT-A-071","1.7","Dashboard","七类业务集合/卡片/表格切换","L1-L4 员工","集合 items 已按当前筛选和排序加载","—","M13-US-01","CARD 与 TABLE 复用同一 items、详情 API 和 item actions；切换不重新请求列表 API；TABLE 在窄屏降级为行式列表；URL 恢复视图、排序和筛选","非法 URL 值回退页面默认值；两种视图不得改变字段脱敏、对象 scope、详情或操作能力","对应既有 read/action 权限","LST-01;ACCESS-02","AT-LST-004;AT-LST-006;AT-LST-007;AT-LST-008","合同已冻结，运行时待开发"
"INT-A-072","1.8","Dashboard","客服工作台/首屏分诊队列","L1-L4 员工","具备 staff_task.read 且 Actor Guild/scope 有效","listStaffTasks;getStaffTask;claimStaffTask","M14-US-01","首屏按服务端优先级展示任务、最小分诊摘要、时间压力、负责人和下一动作；认领前可只读预览","缺失上下文显示明确空态；无 capability 不显示动作；Dashboard 不计算优先级或扩大订单权限","L1_SUPPORT","SUP-UX-01;ACCESS-02","AT-SUX-001;AT-SUX-002;AT-SUX-004","合同已冻结，运行时待开发"
"INT-A-073","1.8","Dashboard","运营概览/指标进入任务或订单筛选","L1-L4 员工","指标及目标列表均在同一可信 Actor scope","getDashboardSummary;listStaffTasks;listAdminOrders","M14-US-01","待处理、超时和进行中指标进入对应受权筛选结果并保留来源说明","目标为空显示空态；非法 URL 安全回退；不得客户端重算指标或扩大 Guild/scope","对应既有 read 权限","SUP-UX-01;ACCESS-02","AT-SUX-005","合同已冻结，运行时待开发"
"INT-A-074","1.8","Dashboard","订单列表与详情/可行动上下文","L1-L4 员工","具备订单 read 权限且对象在可信 scope","listAdminOrders;getAdminOrder","M14-US-01","优先展示公开编号、展示名、项目、中文状态、金额、相对和精确时间、阻塞与下一动作；技术详情默认折叠","缺字段显示未知而非伪造；UUID、原始枚举、minor units 和高级操作不覆盖主路径；403/404 不泄露对象","对应既有 order read/action 权限","SUP-UX-01;ACCESS-02","AT-SUX-006;AT-SUX-007","合同已冻结，运行时待开发"
"INT-A-075","1.8","Dashboard","客户 Profile/追加内部备注","L1-L4 员工","具备 customer_profile.note.append 且目标满足同一 customer scope predicate","appendAdminCustomerProfileNote","M6-US-04","客服填写 1-2000 字内部跟进备注并追加；成功后刷新内部信息时间线；只展示正文和时间，不展示作者身份","空白或超长备注拒绝；越权对象返回不泄露存在性的拒绝；既有备注无编辑或删除入口","L1_SUPPORT（已分配对象）；L2-L4（同 Guild）","PRF-01;ACCESS-02","AT-PRF-010","合同已冻结，运行时待开发"
"INT-A-076","1.8","Dashboard","订单详情/单席位改派陪玩","L1-L4 员工","L1 已认领订单任务或 L2+ 在同 Guild；目标 participant ACTIVE 且资金未捕获","updateAdminOrderParticipant(REASSIGN)","M10-US-03","在指定陪玩明细卡选择新陪玩并填写原因；只替换该 participantId 的陪玩，保留需求、项目、数量和客户价格，重置新陪玩就绪并按其规则重算分成","候选失效、已在本单、旧版本、已捕获或越权时整次拒绝；其他陪玩、订单总价和等额预留不变","L1_SUPPORT（已认领）；L2-L4（同 Guild）","ORD-04;FUND-06;EAR-02","AT-MULTI-010","合同已冻结，运行时待开发"
"INT-A-077","1.9","Dashboard","订单详情/独立退款","L2-L4 员工","存在可退款捕获；金额、订单版本与权限有效","refundOrder","现有","追加退款、消费与收益/返佣 Adjustment；订单不因退款自动改为 CANCELLED","金额超事实、旧版本、跨 Guild 或重复提交拒绝/幂等；原资金事实不覆盖","L2_SUPERVISOR（限额内）","DOP-01;FUND-06;AUD-02","AT-DOP-001","合同已冻结，运行时待开发"
"INT-A-078","1.9","Dashboard","订单详情/transcript 只读时间线","L1-L4 员工","L1 已认领订单任务或 L2+ 同 Guild","listAdminOrderTranscript","M15-US-01","分页展示消息创建、编辑、删除、回复关系和附件元数据；只读且按发生时间与事件 ID 稳定排序","不提供发送、编辑或删除；无任务 scope、跨 Guild 或未知订单不泄露","L1_SUPPORT（已认领）；L2-L4（同 Guild）","DOP-02;ACCESS-02","AT-DOP-002","合同已冻结，运行时待开发"
"INT-A-079","1.9","Dashboard","系统治理/Bot 配置","L3-L4 员工","具备 bot_config.read/manage 且 Actor Guild 有效","getBotConfig;validateBotConfigChange;updateBotConfig;testBotConfigDelivery","现有","管理频道、Role、时限、开关和模板；预检后携带短期 token 应用；频道可测试投递","版本冲突刷新；安全 Role 字段要求 L4+step-up；Dashboard 不自报 Guild","L3_OPERATIONS；安全字段 L4_ADMIN_OWNER","DOP-03;ACCESS-02","AT-DOP-003","合同已冻结，运行时待开发"
"INT-A-080","1.9","Dashboard","客户 Profile/钱包 Adjustment","L3-L4 员工","选择同一客户可纠错 WalletEntry 且钱包版本有效","createWalletAdjustment","现有","追加 ADJUSTMENT_CREDIT/DEBIT 并关联原流水；余额由 API 原子计算","不得提交余额；重复、跨客户、超额 debit 或旧版本拒绝且零写入","L3_OPERATIONS","DOP-04;FUND-06;AUD-02","AT-DOP-004","合同已冻结，运行时待开发"
"INT-A-081","1.9","Dashboard","陪玩详情/员工控制接单资格","L3-L4 员工","陪玩为 ACTIVE、PAUSED 或 SUSPENDED 且版本有效","setPlayerOperationalStatus","现有","员工设置 ACTIVE/PAUSED/SUSPENDED；PAUSED/SUSPENDED 禁止新候选池展示和报名；恢复后重新校验","陪玩端仍不提供在线或接单开关；presence 与 legacy availability 不作为报名门禁","L3_OPERATIONS","DOP-05;SEL-01;ACCESS-02","AT-DOP-005","合同已冻结，运行时待开发"
"INT-A-082","1.9","Dashboard","客户 Profile/修改展示名","L2-L4 员工","目标在可信 customer scope 且 expectedVersion 有效","updateAdminCustomerProfile","M15-US-01","修改 1-100 字客户展示名并追加审计；刷新列表与 Profile","Discord 绑定、用户 ID、钱包、订单和历史备注不可修改；旧版本或跨 Guild 零写入","L2_SUPERVISOR","DOP-06;ACCESS-02","AT-DOP-006","合同已冻结，运行时待开发"
"INT-A-083","2.0","Dashboard","权限管理/员工账户与 Role 同步","L4 员工","近期 step-up；目标员工属于同 Guild","listAdminStaffAccounts;reconcileStaffDiscordRole;approveStaffRoleElevation;updateStaffRole;revokeStaffSessions","现有","每名员工展示有效/待审批级别、最近 Role 同步时间、当前观察 Role、上次错误和队列状态；支持立即持久化对账、异人审批、降权撤权和会话撤销","禁止自批、跨 Guild、越过观察 Role、移除最后 owner；敏感写后旧会话失效并提示重新登录","L4_ADMIN_OWNER","DOP-07;ACCESS-02","AT-DOP-007;AT-DOP-008;AT-ROL-004","已实现"
"INT-W-M16-001","2.0","Dashboard","客户钱包/订单/陪玩结算金额","L1-L4 员工","可见目标对象且 API 返回 canonical CAT 事实","getAdminWalletBalance;listAdminWalletEntries;listSettlementBatches","现有；M16 补充","除充值付款事实外统一显示 CAT；陪玩结算同时显示 CAT 与固定换算 USD","币种、分页或请求失败显示标准错误，不沿用旧客户数据","L1_SUPPORT","REV-01;REV-02","AT-REV-001;AT-REV-002","合同已冻结，运行时待开发"
"INT-W-M16-002","2.0","Dashboard","客户钱包/流水继续加载","L1-L4 员工","首页返回 nextCursor","listAdminWalletEntries","M16-US-01","追加下一页 items，页面 envelope 始终为 items/nextCursor","篡改、过期或跨查询游标返回标准错误且保留已加载数据","L1_SUPPORT","REV-02","AT-REV-002","合同已冻结，运行时待开发"
"INT-B-M17-001","2.1","Discord","公共入口/创建或恢复私密订单频道","客户","已配置入口频道、私密订单分类与客服 Role；Bot 具备频道和消息权限","createOrder;recoverOrderChannel","M17-US-01","统一频道适配器创建最小权限频道，发送、编辑并置顶订单面板；重复点击返回原频道，删除后原子恢复映射","任一 Discord/API 副作用失败清理临时频道并返回 request_id；不改订单状态或资金","Customer;L1-L4 频道范围","BOT-REV-01;ORD-03","AT-BOT-REV-001;AT-CHN-001;AT-ONB-003","合同已冻结，运行时待开发"
"INT-B-M17-002","2.1","Bot Runtime","启动/健康检查与关键 Guild 恢复","运维;客户;员工","环境有效且 Discord/API 可达","getHealth","M17-US-01","配置加载、常驻入口恢复和 API health 完成后 readiness 由 503 变为 200；全量 Role reconciliation 在有界后台执行","关键初始化失败保持非 Ready 并记录 Guild/步骤；终止信号立即退出 Ready","SYSTEM_JOB;Discord Actor","BOT-REV-02;OPS-01","AT-BOT-REV-002;AT-REC-004","合同已冻结，运行时待开发"
"INT-W-M9-019","2.2","Worker","终态订单频道清理与僵尸扫描","SYSTEM_JOB","订单为 COMPLETED 或 CANCELLED，且已到 0–60 分钟配置保留期（默认 60）","confirmOrder;cancelOrder;resolveOrder","M9-US-19","完整回填订单文字频道仍可见消息后，依次删除选秀语音、服务语音和订单文字频道；启动与周期扫描补建遗漏任务","消息读取或 transcript 追加失败不删除；非终态不执行；Discord 404、重复任务和重启均幂等收敛","SYSTEM_JOB","ORD-03;AUD-02","AT-TRN-003;AT-TRN-004","开发中"
"INT-B-M18-001","2.3","Discord","所有用户可见表面/试音匹配术语","客户;陪玩;客服","消息、组件、频道或语音房即将渲染","—","M18-US-01","按语境使用试音、试音匹配、试音房、报名池、确认陪玩与本轮未匹配；内部 Selection 技术名不直接展示","禁词门禁阻止用户可见的选秀文案进入发布；不得通过替换改变内部状态、API 或数据库名称","对应既有权限","EXP-01","AT-EXP-001","合同已冻结，运行时待开发"
"INT-B-M18-002","2.3","Discord","关键流程/品牌横幅与层级化 Embed","客户;陪玩;客服","欢迎、下单、派单、试音匹配、就绪、服务、完成、礼物、取消或客服节点可见","现有对应 operationId","M18-US-01","按密度 preset 使用原创黑猫横幅、语义颜色、单图标字段及标题到页脚的稳定阅读顺序；单屏只突出一个主动作","资金、权限与错误降至低密度；缺失字段显示安全空态；图片失败不改变业务结果并由既有重试恢复","对应既有权限","EXP-02;EXP-03;EXP-05","AT-EXP-002;AT-EXP-003;AT-EXP-005","合同已冻结，运行时待开发"
"INT-B-M18-003","2.3","Discord + Worker","报名、就绪与状态/低噪声原位更新","客户;陪玩;SYSTEM_JOB","同一订单或派单消息已持久化且业务事实发生变化","现有对应 operationId","M18-US-01","原位编辑报名 mention、Reaction 说明、就绪名单和当前进度；沿用稳定业务键、Outbox 与 allowed_mentions 安全策略","重试、重启和重复事件不新增横幅或庆祝消息；编辑失败不猜测业务状态、不回滚已提交事实","对应既有权限;SYSTEM_JOB","EXP-03;EXP-04","AT-EXP-003;AT-EXP-004","合同已冻结，运行时待开发"
"INT-B-M18-004","2.3","Discord","新成员迎新私信与 /welcome 重发","新成员;L2-L4 员工","GuildMemberAdd；或具 ManageGuild 且员工在同 Guild 选择仍为成员的非 Bot 用户","getWelcomeDmContext（仅手动重发授权与安全入口读取）","M18-US-03","自动加入与手动重发复用同一品牌私信，链接到配置的玩家入口；专用 API 不返回完整 Bot 配置；不自动注册或改变业务状态","关闭私信时不公开补发；自动路径结构化记错，手动路径 ephemeral 明示失败；跨 Guild、非成员、Bot、L1 或无权限拒绝","SYSTEM_EVENT；手动 L2_SUPERVISOR（welcome_dm.send）","EXP-02;EXP-03","AT-EXP-002;AT-EXP-003;AT-EXP-006","合同已变更，运行时已实现"
"INT-X-M19-001","2.4","Discord + Dashboard","订单状态跨角色刷新","客户;陪玩;客服","订单或关联报名、参与人、资金、任务事实已由统一 API 成功写入","getOrder;getAdminOrder","M19-US-01","按跨角色状态刷新矩阵同时收敛客户订单面板、陪玩可见信息、客服协同卡和客服工作台；无关消费者不渲染","展示失败由 Outbox 或查询重取恢复；陈旧版本不得覆盖新事实；不重复业务写入","按原对象归属与员工 scope","STATE-01;STATE-02;STATE-03","AT-STATE-001;AT-STATE-002;AT-STATE-003","计划开发"
"INT-X-M19-002","2.4","Discord","已接单/逐人就绪与客服协同","陪玩;客服","订单 ACCEPTED 且存在一个或多个有效陪玩","setOrderReadiness;getOrder","M19-US-03","客户无 readiness 动作；任一陪玩确认或撤销后，客户面板、陪玩视图和客服协同卡原位显示逐人 ✅/⏳、截止时间和全员状态","仍处于 ACCEPTED 也必须更新客服卡；超时只列未确认陪玩并创建唯一任务，不要求客户确认或自动开始","订单参与陪玩;订单客户只读;有权限客服","STATE-01;STATE-03;STATE-04","AT-STATE-001;AT-STATE-002;AT-STATE-004","计划开发"
"INT-X-M19-003","2.4","Dashboard","客服订单与任务主动刷新","L1-L4 员工","员工正在查看有权限的订单、任务或队列","getAdminOrder;listStaffTasks;getStaffTask","M19-US-04","自身写成功立即失效并重取；前台可见详情短轮询；恢复可见立即刷新；保留手动刷新；显示逐人 readiness 和最新任务/资金状态","旧响应不覆盖新对象或版本；页面隐藏暂停轮询；失败保留上次可信事实并明确可重试","L1 本人任务 scope;L2+ 同 Guild scope","STATE-03;STATE-04;STATE-05","AT-STATE-002;AT-STATE-003;AT-STATE-005","计划开发"
"INT-X-M20-001","2.5","API + Discord","订单视图/可信可用动作","客户;当前陪玩;客服","Actor Context 可解析且订单属于可见 scope","getOrder;getAdminOrder","M20-US-02","API 按角色返回 availableActions；客户主面板、陪玩工作台和客服协同卡只渲染各自写动作","陈旧版本或权限变化时拒绝旧动作并回读最新视图；客户端不得自行补动作","按 Actor、对象归属与员工 scope","ACT-01;ACT-03","AT-ACT-001;AT-ACT-003","API 已实现，Discord 待 M20-US-03"
"INT-X-M20-002","2.5","Discord","四步下单与订单主面板/取消","客户","订单为 DRAFT 或任一客户可操作非终态","previewOrderCancellation;cancelOrder;createOrderStaffTask","M20-US-03","每一步可见取消入口；低风险状态预览后二次确认并取消，高风险状态创建或复用客服审核","只在 API 返回 CANCELLED 后显示取消终态；冲突原位刷新；终态不显示取消","订单客户","ACT-01;ACT-02;ACT-03","AT-ACT-001;AT-ACT-003","已实现：四步下单、试音、常驻卡与生命周期均消费 availableActions"
"INT-X-M20-003","2.5","Discord","招募试音、生命周期与工作台/角色动作","客户;当前陪玩;客服","对应订单、报名池或客服任务可见且 API 返回动作","getOrder;closeOrderSelectionPool;finalizeOrderSelectionPool;setOrderReadiness;requestOrderCompletion;confirmOrder","M20-US-03","统一清晰标签、一屏一个主动作、每行至多三个；老板卡无陪玩写按钮；工作台可打开订单并执行本人动作；分页双向","无目标禁用按钮省略；旧 custom ID 明确冲突并刷新；错误保留 request_id","按 API availableActions","ACT-02;ACT-03;ACT-04","AT-ACT-002;AT-ACT-003;AT-ACT-004","已实现：老板/陪玩动作分离、语义标签、双向分页与安全恢复"
"INT-A-084","2.6","Dashboard","订单详情/客服更正订单与席位备注","L1-L4 员工","L1 已认领订单任务或 L2+ 在同 Guild；订单未捕获且非终态","updateAdminOrderNote;updateAdminOrderRequirementNote","M10-US-03 维护扩展","添加、改写或清空订单备注及单席位备注；清空仅改变当前投影，历史更正事件、审计和 Bot 面板同步继续保留；不要求订单进入招募","旧版本冲突刷新；COMPLETED、CANCELLED 或已捕获订单零写入；备注更正不改变价格、预留或收益","L1_SUPPORT（已认领）；L2-L4（同 Guild）","ORD-04;AUD-02;FUND-06","AT-MULTI-015","本地候选"
"INT-D-M21-001","2.7","Discord","完单卡/私密评价中心","订单客户","订单 COMPLETED 且完成时间不超过 24 小时","getOrderExperienceReview","bc:r:{orderId}:o","完单卡提供一个评价入口；ephemeral 中展示订单整体、每位有效陪玩和存在真实响应时的实际客服，全部可选；最快一次星级点击即可保存整体评价","过期、非本人或不可评价时明确关闭入口；读取失败保留 request_id；不公开任何评价事实","订单所有者","REVIEW-01;REVIEW-03","AT-REVIEW-001;AT-REVIEW-002","M21-US-03 运行时已实现；真实 Guild UAT 待 M21-US-05"
"INT-D-M21-002","2.7","Discord","评价中心/目标与星级组件/可选留言 Modal","订单客户","API 返回当前可评价目标与已保存事实","createOrderExperienceRating;appendOrderExperienceReviewComment","bc:r:{orderId}:o{score};bc:r:{orderId}:t{page}:{signedState};bc:r:{orderId}:s{score}:{signedState};bc:rc:{orderId}:{reviewId}","可一次选择多个未评价目标给相同星级，也可逐目标给不同星级；星级成功即保存且退出不丢失；留言始终可选并另行追加","同目标重复或陈旧组件回读最新状态且不重试写入；伪造目标、过期或超过 500 字零写入；低分不强制选原因或留言","订单所有者","REVIEW-02;REVIEW-03","AT-REVIEW-001;AT-REVIEW-002;AT-REVIEW-004","M21-US-03 运行时已实现；真实 Guild UAT 待 M21-US-05"
"INT-D-M21-003","2.7","Discord + 好评频道","评价中心/五星公开预览与确认","订单客户","至少一个已保存五星目标且尚未创建公开快照","publishOrderFiveStarReview","bc:r:{orderId}:v;bc:r:{orderId}:y;bc:r:{orderId}:n","先展示只含五星对象和安全订单摘要的预览；老板明确同意公开后创建一张聚合展示卡并由 Outbox 幂等投递","未同意、无五星或配置缺失均不公开；不得公开一至四星、留言、未评价或非五星对象、客户身份、金额、钱包、私密频道和内部客服身份","订单所有者；频道投递由受限 Worker","REVIEW-04","AT-REVIEW-003;AT-REVIEW-004","运行时、隐私、恢复自动门禁与真实 Guild Worker 播报/重放/删卡恢复 UAT 已通过；老板端移动交互由 M21-US-05 外部验收"
"INT-G-M22-001","2.8","Discord","礼物频道/置顶送礼常驻消息","老板","已配置 gift_entry_channel_id；gift_requests_enabled；Bot 有频道与消息权限","getStandaloneGiftCenter","bc:g2:o","Bot 启动与配置变化确保一条置顶 Embed；提供送礼物、查看猫条、充值帮助；点击后仅 ephemeral 展开","配置缺失、跨 Guild、权限不足或消息创建失败时失败关闭并结构化告警；不回退到订单或其他公共频道","已绑定客户；入口公开但数据私密","GIFT2-01;GIFT2-04","AT-GIFT2-001;AT-GIFT2-004","M22-US-03 计划开发"
"INT-G-M22-002","2.8","Discord","独立送礼/陪玩、礼物与匿名选择","老板","统一 API 返回同 Guild ACTIVE 陪玩、ACTIVE CAT 礼物及最新余额","getStandaloneGiftCenter;checkStandaloneGiftAffordability","bc:g2:p:{signedState};bc:g2:c:{signedState};bc:g2:a:{signedState}","选择一位陪玩和一种礼物；公开为默认，匿名赠送为可选一次切换；签名状态绑定 Guild、老板、目标、目录版本、价格和过期时间","目标/目录变化、token 篡改/过期或换用户时回读最新中心且零写入；不得接受 receiverId","已绑定客户本人","GIFT2-01;GIFT2-02;GIFT2-03","AT-GIFT2-001;AT-GIFT2-002;AT-GIFT2-003","M22-US-03 计划开发"
"INT-G-M22-003","2.8","Discord","独立送礼/余额续接与最终确认","老板","已选陪玩、礼物和署名方式","checkStandaloneGiftAffordability;createStandaloneGiftRequest","bc:g2:r:{signedState};bc:g2:y:{signedState};bc:g2:b:{signedState}","余额不足显示差额、充值帮助、刷新余额和返回并保留选择；余额充足显示金额与最终确认；确认后创建预留和客服任务","刷新不代表充值成功；最终事务余额不足、并发冲突、陪玩/价格失效均零写入；成功不立即捕获或播报","已绑定客户本人","GIFT2-01;GIFT2-02;GIFT2-03","AT-GIFT2-001;AT-GIFT2-002;AT-GIFT2-003","M22-US-03 计划开发"
"INT-G-M22-004","2.8","Discord","客户消息右键/客服辅助送礼","L1-L4 客服","老板本人在同 Guild 消息中明确请求送礼；客服已登记 TOTP 且有 gift.assist","createStaffGiftAssistChallenge;getStaffGiftAssistChallenge;checkStaffGiftAssistAffordability;createStaffAssistedGiftRequest","消息右键菜单 协助此老板送礼;bc:ga:r:{challengeId};bc:ga:g:{challengeId}:{playerProfileId};bc:ga:b:{challengeId};bc:ga:f:{signedState};bc:ga:p:{signedState};bc:ga:a:{signedState};bc:ga:m:{p|a}:{signedState}","API 从消息作者解析老板；客服私密选择陪玩、礼物和可选匿名；最终 Modal 填必填原因与六位 TOTP 后直接预留老板余额并创建客服任务","无权限/MFA、非客户消息、跨 Guild、余额不足、错误 TOTP、五次失败、过期、权限版本变化或重放均失败关闭且零预留；不记录验证码","gift.assist；客服本人 TOTP","GIFT2-05","AT-GIFT2-005","M22-US-04 自动化候选完成；真实 Guild 桌面/手机 UAT 待外部签署"
